Iteration,Squared_errorServiceRate,EstimateServiceRate,ActualServiceRate, Queue
0,0.14980942038591197,1,1.3870522191977614,n1
1,0.0015911936460847823,1.426941987887048,1.3870522191977614,n1
2,0.0007677137485721536,1.4147598670331905,1.3870522191977614,n1
3,0.00020404661747677104,1.4013367078997336,1.3870522191977614,n1
4,0.0002781325473135767,1.403729525554412,1.3870522191977614,n1
5,0.00024239280975079286,1.4026211886482676,1.3870522191977614,n1
6,0.00011478890454054408,1.39776617759513,1.3870522191977614,n1
7,9.665311421644684e-05,1.3968834507694643,1.3870522191977614,n1
8,0.00015828245090796072,1.399633254564851,1.3870522191977614,n1
9,0.00014503251335314956,1.3990951637443891,1.3870522191977614,n1
10,0.0004463960730799799,1.4081803065006855,1.3870522191977614,n1
11,0.0002046264791993301,1.4013569904017804,1.3870522191977614,n1
12,0.00014200537443015762,1.3989688199895207,1.3870522191977614,n1
13,0.0001929748216617702,1.4009437569694327,1.3870522191977614,n1
14,0.00014358130491631753,1.399034760869557,1.3870522191977614,n1
15,0.0003150907332407161,1.4048030144825006,1.3870522191977614,n1
16,0.0004483832017567503,1.4082272800419893,1.3870522191977614,n1
17,0.0001255318314996359,1.398256318068248,1.3870522191977614,n1
18,0.0003052425823845883,1.4045234121273982,1.3870522191977614,n1
19,0.0006680442009782,1.4128987702438527,1.3870522191977614,n1
20,0.00031184443895345136,1.4047113369263868,1.3870522191977614,n1
21,0.00028751342313840304,1.4040084399777113,1.3870522191977614,n1
22,0.00022005805454299393,1.4018865730611083,1.3870522191977614,n1
23,0.00034329312391004205,1.4055803902869446,1.3870522191977614,n1
24,0.00017784930623022954,1.40038823457831,1.3870522191977614,n1
25,0.00047959167917121484,1.4089518009100046,1.3870522191977614,n1
26,0.000359749184333433,1.4060192744339712,1.3870522191977614,n1
27,0.00019225878073654025,1.4009179604594661,1.3870522191977614,n1
28,0.00010998515894172396,1.3975396001359044,1.3870522191977614,n1
29,0.00012872645688330329,1.398397987434567,1.3870522191977614,n1
30,5.025762171180818e-05,1.3941414802108578,1.3870522191977614,n1
31,0.00017200870456466513,1.4001674281005836,1.3870522191977614,n1
32,0.00019429068757939675,1.400991038644881,1.3870522191977614,n1
33,0.0001990657746063423,1.401161286303929,1.3870522191977614,n1
34,0.00018196415008023533,1.4005416280091303,1.3870522191977614,n1
35,0.00013937322676402453,1.3988578630499207,1.3870522191977614,n1
36,0.0001395027633736994,1.3988633479911368,1.3870522191977614,n1
37,0.000524974116241637,1.4099645328356645,1.3870522191977614,n1
38,0.0002994401813046571,1.4043565591535256,1.3870522191977614,n1
39,0.0004209461680893419,1.4075691918811117,1.3870522191977614,n1
40,0.0005636535979138157,1.410793609172104,1.3870522191977614,n1
41,0.00029083052487648066,1.4041059731796999,1.3870522191977614,n1
42,0.00023956006101377163,1.4025299470999366,1.3870522191977614,n1
43,0.0003197847716295033,1.404934746190038,1.3870522191977614,n1
44,0.00014528008139944073,1.3991054379130856,1.3870522191977614,n1
45,0.00025925014541538545,1.4031534659015228,1.3870522191977614,n1
46,0.0002827350872869531,1.4038669474824217,1.3870522191977614,n1
47,0.00017600594285153276,1.4003189423369369,1.3870522191977614,n1
48,0.00010594498998452445,1.3973451774695376,1.3870522191977614,n1
49,0.0003115277319431886,1.4047023674108272,1.3870522191977614,n1
50,0.00019440265614999064,1.4009950544958631,1.3870522191977614,n1
51,0.00033347330123414015,1.4053134705577899,1.3870522191977614,n1
52,0.00046717441947915616,1.4086664371914608,1.3870522191977614,n1
53,0.00010208476941372785,1.3971559199758787,1.3870522191977614,n1
54,0.00011909169874647433,1.397965133508177,1.3870522191977614,n1
55,0.0002124772569574824,1.4016288188340786,1.3870522191977614,n1
56,0.0002452634515569491,1.4027131084303992,1.3870522191977614,n1
57,2.9845553308357678e-05,1.3925153275902755,1.3870522191977614,n1
58,0.00013168738773123827,1.3985277317236244,1.3870522191977614,n1
59,0.0001391702721230529,1.398849264256718,1.3870522191977614,n1
60,0.00025304670680952317,1.40295966106657,1.3870522191977614,n1
61,0.00045793766798011616,1.4084516974152348,1.3870522191977614,n1
62,0.0003276134677257911,1.405152314991038,1.3870522191977614,n1
63,0.00022723527135619877,1.4021265441032489,1.3870522191977614,n1
64,0.00030980630601338416,1.404653534660345,1.3870522191977614,n1
65,0.0002416425104789842,1.402597073988945,1.3870522191977614,n1
66,0.0001848752720106676,1.4006491038413358,1.3870522191977614,n1
67,0.0001841170312186666,1.400621192306242,1.3870522191977614,n1
68,0.0001484982091109828,1.3992382033234274,1.3870522191977614,n1
69,0.0002818722437401134,1.4038412705033032,1.3870522191977614,n1
70,0.0003313548636142116,1.4052553745180407,1.3870522191977614,n1
71,0.00018042758627413182,1.4004845528101362,1.3870522191977614,n1
72,0.00020446341177908232,1.4013512895094664,1.3870522191977614,n1
73,0.0001815190405078253,1.400525119424061,1.3870522191977614,n1
74,0.00039232141658556666,1.4068593244023482,1.3870522191977614,n1
75,0.00022769741007309417,1.4021418649879414,1.3870522191977614,n1
76,0.0003218417247130275,1.4049921669321621,1.3870522191977614,n1
77,0.0003243153032666937,1.4050609754920393,1.3870522191977614,n1
78,0.00012802468548517892,1.398367018598775,1.3870522191977614,n1
79,0.00041116768872562947,1.4073294894461363,1.3870522191977614,n1
80,0.00013553045218526086,1.3986939738844597,1.3870522191977614,n1
81,0.0003732951209088316,1.4063730659936147,1.3870522191977614,n1
82,0.0002558789363851843,1.4030484355124149,1.3870522191977614,n1
83,0.00027658444359018007,1.4036830473067337,1.3870522191977614,n1
84,0.0005616949420267646,1.4107523234597001,1.3870522191977614,n1
85,0.00032321798283035637,1.405030483375105,1.3870522191977614,n1
86,0.0005609207745186995,1.4107359852521435,1.3870522191977614,n1
87,0.0004943260810409543,1.4092856642983516,1.3870522191977614,n1
88,0.00032118573746854845,1.4049738747426197,1.3870522191977614,n1
89,0.0006079940962658755,1.4117097554953293,1.3870522191977614,n1
90,0.0004273046099229825,1.407723566757197,1.3870522191977614,n1
91,0.00033500714022868366,1.4053554194706286,1.3870522191977614,n1
92,0.0007417206413121216,1.414286767868744,1.3870522191977614,n1
93,0.00047566166085077005,1.4088618881739465,1.3870522191977614,n1
94,0.0005001036566333167,1.4094152166854266,1.3870522191977614,n1
95,0.0007035008589465105,1.4135758098096396,1.3870522191977614,n1
96,0.00048317424707420577,1.4090334440743284,1.3870522191977614,n1
97,0.0007371217202327665,1.4142022048374034,1.3870522191977614,n1
98,0.00036667756663565445,1.4062010459669307,1.3870522191977614,n1
99,0.0005047088606812516,1.4095179455532847,1.3870522191977614,n1
100,0.00044336359950300144,1.4081084201728424,1.3870522191977614,n1
0,113.24391773034567,1,11.641612553102357,n2
1,3.4134242219067907,9.794067094417567,11.641612553102357,n2
2,2.8549981206038018,9.951938584372353,11.641612553102357,n2
3,0.5305031326142136,10.913256093246186,11.641612553102357,n2
4,0.6993718627639922,10.80532799461524,11.641612553102357,n2
5,1.0922863588727174,10.596487508491562,11.641612553102357,n2
6,0.9075272411537202,10.688970311149104,11.641612553102357,n2
7,0.213562557941993,11.179484261453823,11.641612553102357,n2
8,0.8377421292725299,10.726330012422961,11.641612553102357,n2
9,0.7509178029972439,10.775057417523989,11.641612553102357,n2
10,1.4142643765326328,10.452384073569247,11.641612553102357,n2
11,0.7489554211060976,10.77619044736083,11.641612553102357,n2
12,0.5945572840073806,10.87053714563083,11.641612553102357,n2
13,1.0913542370182,10.596933541626488,11.641612553102357,n2
14,1.545190559669761,10.398555611659303,11.641612553102357,n2
15,1.0898258627511668,10.597665302159491,11.641612553102357,n2
16,0.9083490158515786,10.688539095360731,11.641612553102357,n2
17,0.45831143577934286,10.964625525324614,11.641612553102357,n2
18,0.6924470116574746,10.809478542466165,11.641612553102357,n2
19,0.6367518354314271,10.843645238338508,11.641612553102357,n2
20,1.1281610039630223,10.579463315018074,11.641612553102357,n2
21,0.948356106679804,10.667776783231583,11.641612553102357,n2
22,1.4171819388222022,10.451158043756367,11.641612553102357,n2
23,1.1542157770738968,10.567268205570386,11.641612553102357,n2
24,0.8867081405523538,10.699960738176928,11.641612553102357,n2
25,1.479368232435598,10.425319729627846,11.641612553102357,n2
26,1.269912767214799,10.514708490098412,11.641612553102357,n2
27,0.798209446678716,10.74818687254537,11.641612553102357,n2
28,0.16627014212970845,11.233850193228731,11.641612553102357,n2
29,1.083100176786392,10.600891564178625,11.641612553102357,n2
30,0.5249957009885432,10.917046682398704,11.641612553102357,n2
31,0.8822278633523474,10.702342696590211,11.641612553102357,n2
32,1.0028798256228482,10.640173675475346,11.641612553102357,n2
33,0.8001732188029984,10.747088535088867,11.641612553102357,n2
34,0.92977743622994,10.677362877847063,11.641612553102357,n2
35,0.6426979384726969,10.83992811488948,11.641612553102357,n2
36,1.6256908121861338,10.366586744663119,11.641612553102357,n2
37,1.0794391363711493,10.602651949243313,11.641612553102357,n2
38,0.9976581651286858,10.642784156865703,11.641612553102357,n2
39,1.8655421209789134,10.275764054556888,11.641612553102357,n2
40,0.9654885441953398,10.659019786898911,11.641612553102357,n2
41,2.7247049226087516,9.99094452996483,11.641612553102357,n2
42,2.2141073971618104,10.153624852493978,11.641612553102357,n2
43,1.6434379271199,10.359646123307918,11.641612553102357,n2
44,0.5875876061155394,10.875069921466295,11.641612553102357,n2
45,0.5248521356299671,10.917145759087637,11.641612553102357,n2
46,1.2286041851278384,10.533188363034386,11.641612553102357,n2
47,0.916548869869971,10.684246964693221,11.641612553102357,n2
48,0.7254337787405298,10.789888549248685,11.641612553102357,n2
49,0.8253789622777918,10.733108858955882,11.641612553102357,n2
50,0.6510015003155437,10.83476591320383,11.641612553102357,n2
51,1.169046049700518,10.560388224065816,11.641612553102357,n2
52,1.2310885515837358,10.532068254039118,11.641612553102357,n2
53,1.727341543808708,10.327328891251268,11.641612553102357,n2
54,0.6712911429211214,10.822288964450644,11.641612553102357,n2
55,0.9408348161148856,10.671646153625094,11.641612553102357,n2
56,0.8737252539928383,10.706879835159501,11.641612553102357,n2
57,0.19780356116594916,11.196861430376456,11.641612553102357,n2
58,0.21485474433410748,11.178088288004933,11.641612553102357,n2
59,0.6856110919164009,10.813596193411076,11.641612553102357,n2
60,0.8837692781896769,10.701522515824184,11.641612553102357,n2
61,1.4766527455302023,10.42643653888458,11.641612553102357,n2
62,0.8066705952890668,10.743464127011732,11.641612553102357,n2
63,0.27077461483044896,11.121252471206706,11.641612553102357,n2
64,0.783327980671158,10.756554373844542,11.641612553102357,n2
65,0.46327916251822454,10.96096641705351,11.641612553102357,n2
66,0.10899166404379654,11.311473697401007,11.641612553102357,n2
67,0.82684794495357,10.732300755667852,11.641612553102357,n2
68,0.4584211835161797,10.96454447416481,11.641612553102357,n2
69,1.9083956668340814,10.260165606298361,11.641612553102357,n2
70,1.00863416520487,10.637304749087637,11.641612553102357,n2
71,1.0467734709400527,10.61849307281667,11.641612553102357,n2
72,0.5326651509956912,10.911773426310917,11.641612553102357,n2
73,0.1889161564480428,11.206967690659416,11.641612553102357,n2
74,1.066218009430106,10.609034222209196,11.641612553102357,n2
75,1.8435588817066912,10.283835368986093,11.641612553102357,n2
76,0.5386490994573324,10.90768537724815,11.641612553102357,n2
77,0.464416428869053,10.96013149770239,11.641612553102357,n2
78,0.9075696205983079,10.688948068302851,11.641612553102357,n2
79,0.7300794599063473,10.787165679442943,11.641612553102357,n2
80,0.825523197506994,10.733029481772611,11.641612553102357,n2
81,0.6889269214858,10.811596335498267,11.641612553102357,n2
82,1.0024934896280042,10.640366584507225,11.641612553102357,n2
83,1.2163781081748628,10.538717223447334,11.641612553102357,n2
84,1.4308548737902649,10.445429091508666,11.641612553102357,n2
85,0.4928440790676508,10.939584007338262,11.641612553102357,n2
86,1.1840070764783293,10.553491660701917,11.641612553102357,n2
87,1.1409319907244895,10.573468372420512,11.641612553102357,n2
88,0.4848418793063737,10.94530667253953,11.641612553102357,n2
89,0.8858457745194729,10.70041875025436,11.641612553102357,n2
90,0.5754949935799831,10.882998689809586,11.641612553102357,n2
91,0.9386216991019057,10.672787646784448,11.641612553102357,n2
92,1.2387270977445963,10.528631377275651,11.641612553102357,n2
93,0.8224885410071691,10.734701013310758,11.641612553102357,n2
94,0.8133605640671889,10.739747505510874,11.641612553102357,n2
95,1.5541830988926681,10.394943752300529,11.641612553102357,n2
96,0.9554310712473766,10.664151008463707,11.641612553102357,n2
97,1.4568364119394888,10.434617767720296,11.641612553102357,n2
98,1.2242402976440039,10.535158623811126,11.641612553102357,n2
99,0.8490406385349921,10.720178541067316,11.641612553102357,n2
100,0.6612766924587974,10.828423342365522,11.641612553102357,n2
0,401.9220882663596,1,21.047994619571295,n3
1,95.3185698446098,11.284871664050874,21.047994619571295,n3
2,33.922697688176186,15.223675115270712,21.047994619571295,n3
3,39.86619633035258,14.734026269131725,21.047994619571295,n3
4,16.072249503002205,17.03897360403618,21.047994619571295,n3
5,15.66431197857672,17.09017805250092,21.047994619571295,n3
6,12.861352592480438,17.46172182006476,21.047994619571295,n3
7,21.942133556948114,16.36375150494241,21.047994619571295,n3
8,18.735535139827025,16.719538181090364,21.047994619571295,n3
9,23.738212101758197,16.175807010113076,21.047994619571295,n3
10,11.837617485782756,17.607410732237234,21.047994619571295,n3
11,18.04539814992122,16.80000707840298,21.047994619571295,n3
12,34.88216376683517,15.141882212341377,21.047994619571295,n3
13,19.979616583483445,16.578138180771113,21.047994619571295,n3
14,11.908422192493058,17.597136437539895,21.047994619571295,n3
15,30.193558319689327,15.553128077089182,21.047994619571295,n3
16,23.071424611913294,16.244722337895677,21.047994619571295,n3
17,11.851607377889922,17.605378263093286,21.047994619571295,n3
18,22.559806125687178,16.2982781937531,21.047994619571295,n3
19,31.10653068893505,15.47067172333021,21.047994619571295,n3
20,7.273970007491564,18.350964770368368,21.047994619571295,n3
21,7.888800873985976,18.239293696727074,21.047994619571295,n3
22,17.734746096035455,16.836730427427153,21.047994619571295,n3
23,12.38560362494248,17.528675988793104,21.047994619571295,n3
24,8.421796833523304,18.145961395515563,21.047994619571295,n3
25,3.9911599925010264,19.050205843824212,21.047994619571295,n3
26,14.185725308362354,17.281600414451184,21.047994619571295,n3
27,28.823234735968615,15.679267141297824,21.047994619571295,n3
28,33.88761282546623,15.226687822513934,21.047994619571295,n3
29,20.989624626722637,16.466551110509698,21.047994619571295,n3
30,10.779274238522564,17.76481411303155,21.047994619571295,n3
31,6.932305115583749,18.415067519254283,21.047994619571295,n3
32,19.08503083307781,16.679352858900387,21.047994619571295,n3
33,8.459468491133583,18.139478074812853,21.047994619571295,n3
34,8.34693652917982,18.15888809173612,21.047994619571295,n3
35,1.4927265811792834,19.826222717300137,21.047994619571295,n3
36,0.3147408838951124,21.60901234112304,21.047994619571295,n3
37,9.411014356240203,17.98025695864913,21.047994619571295,n3
38,18.95421140342817,16.694351156513235,21.047994619571295,n3
39,27.640771222643316,15.790545502114872,21.047994619571295,n3
40,36.2358587373388,15.028371812672278,21.047994619571295,n3
41,33.76027613278354,15.237635238880326,21.047994619571295,n3
42,21.74921060934433,16.384389725356485,21.047994619571295,n3
43,33.80609462024571,15.23369374842215,21.047994619571295,n3
44,11.977271181348643,17.58717518172877,21.047994619571295,n3
45,17.769191311976396,16.832642758578384,21.047994619571295,n3
46,23.252192998321696,16.225941841104255,21.047994619571295,n3
47,13.831903921010618,17.32886785095872,21.047994619571295,n3
48,4.904906822578593,18.833292196540473,21.047994619571295,n3
49,2.0387782010365645,19.620136713112615,21.047994619571295,n3
50,18.10577035818193,16.792907034317388,21.047994619571295,n3
51,26.923636954060424,15.859195437288324,21.047994619571295,n3
52,56.476122578596474,13.532934900673748,21.047994619571295,n3
53,40.05770784160359,14.718878738059598,21.047994619571295,n3
54,24.500334009437264,16.09821341133216,21.047994619571295,n3
55,15.980865004598714,17.05038720955731,21.047994619571295,n3
56,2.22283797046034,19.557076120638392,21.047994619571295,n3
57,0.5979716843059741,20.274708330861884,21.047994619571295,n3
58,16.635032134367428,16.96938797828221,21.047994619571295,n3
59,17.678294356812653,16.843438239070178,21.047994619571295,n3
60,16.522882104997016,16.983159800664502,21.047994619571295,n3
61,10.578266995972497,17.795569832435934,21.047994619571295,n3
62,7.331432791752887,18.340332751510054,21.047994619571295,n3
63,9.434244377301653,17.976473111051185,21.047994619571295,n3
64,10.599697570756584,17.792276945884495,21.047994619571295,n3
65,11.372115507239654,17.675737881533745,21.047994619571295,n3
66,14.33759764503231,17.261492586687606,21.047994619571295,n3
67,0.9771692583928719,20.059475900278194,21.047994619571295,n3
68,7.002999162101164,18.401676580842548,21.047994619571295,n3
69,4.209802534486235,18.996214286668614,21.047994619571295,n3
70,14.538338629063478,17.23507728122478,21.047994619571295,n3
71,8.161275135232406,18.19120006356409,21.047994619571295,n3
72,16.63688783346595,16.969160492830426,21.047994619571295,n3
73,8.479567635280775,18.136024902132466,21.047994619571295,n3
74,14.175362780353883,17.282976322092,21.047994619571295,n3
75,13.813643710223285,17.33132356737643,21.047994619571295,n3
76,17.543585001467275,16.859488322397173,21.047994619571295,n3
77,24.560731542354162,16.092116136158474,21.047994619571295,n3
78,26.876227141670025,15.863765926537969,21.047994619571295,n3
79,25.263762999940102,16.021687525895054,21.047994619571295,n3
80,44.51179664070982,14.376278450495318,21.047994619571295,n3
81,40.031281363071216,14.720966773649387,21.047994619571295,n3
82,27.94877576500575,15.761334448441913,21.047994619571295,n3
83,16.290159530725337,17.011887642455186,21.047994619571295,n3
84,16.640364477687683,16.968734333969543,21.047994619571295,n3
85,23.100674777786196,16.24167848579626,21.047994619571295,n3
86,24.408428461048842,16.107505933110325,21.047994619571295,n3
87,16.71129306370085,16.960049773600296,21.047994619571295,n3
88,14.027283020479866,17.302693160345367,21.047994619571295,n3
89,7.190243444462723,18.3665316896648,21.047994619571295,n3
90,31.894778733565367,15.400448361808959,21.047994619571295,n3
91,40.5551982602129,14.67969828065828,21.047994619571295,n3
92,54.71435634836233,13.651079293006962,21.047994619571295,n3
93,86.02621225822813,11.772962961499818,21.047994619571295,n3
94,48.55225972380839,14.080049461649313,21.047994619571295,n3
95,57.36043671556361,13.474327296829715,21.047994619571295,n3
96,9.553227869136437,17.957164978659904,21.047994619571295,n3
97,21.633339664241543,16.39682921031723,21.047994619571295,n3
98,32.75056071371838,15.325184058866146,21.047994619571295,n3
99,21.856633620556334,16.372886746959548,21.047994619571295,n3
100,15.62851853881574,17.094702505545854,21.047994619571295,n3
0,100.26948383581852,1,11.0134651263096,n4
1,17.877756692454394,6.785255494272135,11.0134651263096,n4
2,14.442082999689822,7.213191057286442,11.0134651263096,n4
3,9.478860751223394,7.934689273600703,11.0134651263096,n4
4,6.722832124013301,8.420622646710559,11.0134651263096,n4
5,3.8393964013411854,9.05402734946105,11.0134651263096,n4
6,4.250240394680548,8.951854010051116,11.0134651263096,n4
7,2.9055812985024856,9.308888551760223,11.0134651263096,n4
8,0.08686762117755507,10.718731990782636,11.0134651263096,n4
9,0.7752284794927047,10.132994525157747,11.0134651263096,n4
10,3.6434209506957385,9.104690401336603,11.0134651263096,n4
11,1.6259094417806932,9.73835358539222,11.0134651263096,n4
12,1.6433011754153553,9.731552034319602,11.0134651263096,n4
13,5.4856983012178135,8.671308363576196,11.0134651263096,n4
14,0.1745903053949209,10.595625078689794,11.0134651263096,n4
15,1.6535433138272033,9.727563375075391,11.0134651263096,n4
16,4.202887083362981,8.963370717907152,11.0134651263096,n4
17,0.5007533742873784,10.305825829571933,11.0134651263096,n4
18,0.5238420417265193,10.289695797222963,11.0134651263096,n4
19,5.734866239036951,8.618707051046682,11.0134651263096,n4
20,6.409692204886779,8.481728132685108,11.0134651263096,n4
21,5.739200874889553,8.617802196160712,11.0134651263096,n4
22,4.121282481838814,8.983370921146003,11.0134651263096,n4
23,0.15715643081019792,11.409894730161529,11.0134651263096,n4
24,0.07206371955614568,11.281911991733924,11.0134651263096,n4
25,0.40116779311738354,10.38008704560473,11.0134651263096,n4
26,0.030172591956637393,10.839762530023195,11.0134651263096,n4
27,0.04365231153448008,10.804533770274944,11.0134651263096,n4
28,2.877993399018678,9.317000154959269,11.0134651263096,n4
29,0.694106232676509,10.180334744750681,11.0134651263096,n4
30,0.34597884197210815,10.425265464653705,11.0134651263096,n4
31,3.1140364507629186,9.248801857931488,11.0134651263096,n4
32,4.193416127811929,8.965681903453252,11.0134651263096,n4
33,2.0197027293989587,9.592302669234773,11.0134651263096,n4
34,0.10036749878441638,10.696656826569178,11.0134651263096,n4
35,2.5005539021235434,9.432151146695322,11.0134651263096,n4
36,0.8803125008292731,10.075215425627913,11.0134651263096,n4
37,3.7823915034259836,9.06862798571762,11.0134651263096,n4
38,4.5072284880226,8.8904416954397,11.0134651263096,n4
39,3.379684568670691,9.175073283238408,11.0134651263096,n4
40,2.127686446014955,9.55480600025754,11.0134651263096,n4
41,4.373743829452242,8.92211536372749,11.0134651263096,n4
42,0.6071611234262168,10.234259682651627,11.0134651263096,n4
43,1.9800245021448157,9.60633169193146,11.0134651263096,n4
44,1.231003500285138,9.90395915503899,11.0134651263096,n4
45,2.460175644380239,9.444970419789925,11.0134651263096,n4
46,3.6115261103222602,9.113063560765553,11.0134651263096,n4
47,1.2705211179917804,9.886291174343098,11.0134651263096,n4
48,8.169861203134428,8.1551682202597,11.0134651263096,n4
49,1.1183054890397346,9.955965486101748,11.0134651263096,n4
50,3.832258122858561,9.05584970880325,11.0134651263096,n4
51,2.007076861857728,9.596751724856176,11.0134651263096,n4
52,3.2524528621785547,9.21000931532377,11.0134651263096,n4
53,0.1115323329973244,10.679500557833654,11.0134651263096,n4
54,6.387664466496923,8.48608219796318,11.0134651263096,n4
55,4.6138360836525,8.865480935573434,11.0134651263096,n4
56,2.482901723756092,9.437742522627056,11.0134651263096,n4
57,1.671393427635221,9.720641307053773,11.0134651263096,n4
58,6.062462826337347,8.551258224699309,11.0134651263096,n4
59,3.246758321235793,9.211588792807271,11.0134651263096,n4
60,7.689326747116415,8.240501594793828,11.0134651263096,n4
61,3.2310319259093694,9.215957984207135,11.0134651263096,n4
62,0.43992362504177907,10.350197740527832,11.0134651263096,n4
63,1.049791447986056,9.988871817730017,11.0134651263096,n4
64,1.3397542364196149,9.855987594596947,11.0134651263096,n4
65,4.911152904845009,8.797353011626543,11.0134651263096,n4
66,5.598021057129773,8.647451378012736,11.0134651263096,n4
67,2.4259958700695434,9.455904254282588,11.0134651263096,n4
68,1.9906602732043435,9.60255752011976,11.0134651263096,n4
69,0.5368400320118178,10.28077144405772,11.0134651263096,n4
70,0.0988322315075599,10.699089186537549,11.0134651263096,n4
71,0.22289556600739646,11.485583295847054,11.0134651263096,n4
72,0.010210190208892987,11.114510612150843,11.0134651263096,n4
73,2.2765277893614013,9.504648441168094,11.0134651263096,n4
74,0.9298249977641135,10.049190788911723,11.0134651263096,n4
75,2.1730164538017585,9.53934964446913,11.0134651263096,n4
76,1.5552006717429556,9.76638827553297,11.0134651263096,n4
77,1.8888200623243576,9.639121624005915,11.0134651263096,n4
78,4.475517564658766,8.897923218273087,11.0134651263096,n4
79,2.9969790747167155,9.282286604401268,11.0134651263096,n4
80,1.001089668596851,10.01292044035257,11.0134651263096,n4
81,5.666938775535556,8.632931829853623,11.0134651263096,n4
82,4.230985033123285,8.956529290381972,11.0134651263096,n4
83,5.099440253911456,8.755271101450031,11.0134651263096,n4
84,2.0129475191456954,9.594681309392556,11.0134651263096,n4
85,1.6598673059106606,9.725106749959812,11.0134651263096,n4
86,1.3553373992710909,9.849275537251575,11.0134651263096,n4
87,0.2272847870937818,10.536721183407561,11.0134651263096,n4
88,0.05143069140751018,10.786681768438017,11.0134651263096,n4
89,0.185676048202196,10.582563689549177,11.0134651263096,n4
90,3.288757647707827,9.199971909419107,11.0134651263096,n4
91,2.9170589575087886,9.30552515151283,11.0134651263096,n4
92,4.302623249658149,8.939188565756945,11.0134651263096,n4
93,1.6101151854931617,9.744561983633547,11.0134651263096,n4
94,0.730916039405461,10.158528848330088,11.0134651263096,n4
95,1.6968275003255655,9.71084181148464,11.0134651263096,n4
96,6.236655924721474,8.516135367402804,11.0134651263096,n4
97,2.3834600840482545,9.4696192518622,11.0134651263096,n4
98,7.507122722172066,8.273552222187998,11.0134651263096,n4
99,4.9588208240571525,8.78662412972786,11.0134651263096,n4
100,3.2101921223793095,9.221764224267266,11.0134651263096,n4
0,210.99433259496422,1,15.525643964897537,n6
1,0.21796102280723723,15.058781005553751,15.525643964897537,n6
2,0.13252737094338385,15.161600875492747,15.525643964897537,n6
3,0.2889012966013272,14.988148572730006,15.525643964897537,n6
4,0.4912979522591495,14.824717469279665,15.525643964897537,n6
5,0.18968730818292237,15.09011290035343,15.525643964897537,n6
6,0.41550635943138364,14.881046137231802,15.525643964897537,n6
7,1.0081368911637492,14.521583761939691,15.525643964897537,n6
8,0.49245430229950576,14.823893081535424,15.525643964897537,n6
9,0.6219004383868613,14.737037321261521,15.525643964897537,n6
10,0.10831178430742745,15.196536407543672,15.525643964897537,n6
11,0.3319126987577312,14.949525315001761,15.525643964897537,n6
12,0.4316953733939229,14.868608674069165,15.525643964897537,n6
13,0.30420318308466726,14.974097789963228,15.525643964897537,n6
14,0.6450574988469915,14.722489248266307,15.525643964897537,n6
15,0.5520005883840294,14.782676544088233,15.525643964897537,n6
16,0.4807450765463947,14.832286137692568,15.525643964897537,n6
17,0.9734841213797161,14.538990975554416,15.525643964897537,n6
18,0.5022657584907682,14.816936861440285,15.525643964897537,n6
19,0.8448954944587336,14.60646199463336,15.525643964897537,n6
20,0.515636528804941,14.807565606495794,15.525643964897537,n6
21,0.3136776556112206,14.96557463382216,15.525643964897537,n6
22,0.22312511793999842,15.05328274936434,15.525643964897537,n6
23,0.01733295375591192,15.393989288733293,15.525643964897537,n6
24,0.32652373706343535,14.954221409284411,15.525643964897537,n6
25,0.14839464924997725,15.140423704202467,15.525643964897537,n6
26,0.15420210174437712,15.132958210452106,15.525643964897537,n6
27,0.5804407247559414,14.763777359279505,15.525643964897537,n6
28,0.568867906024466,14.771410641565515,15.525643964897537,n6
29,0.07285420357692708,15.255728786411911,15.525643964897537,n6
30,0.1214042543706142,15.177212832002363,15.525643964897537,n6
31,0.02201690066548455,15.377263033961366,15.525643964897537,n6
32,0.0020069308754858232,15.480845182821616,15.525643964897537,n6
33,0.263929551929291,15.011903221010806,15.525643964897537,n6
34,0.21624553837422233,15.06062188114858,15.525643964897537,n6
35,1.1911558940975875,14.43424307883523,15.525643964897537,n6
36,0.6201787628447175,14.738129671157596,15.525643964897537,n6
37,0.7513354272553845,14.658847894731442,15.525643964897537,n6
38,0.2360162081406356,15.039828971159555,15.525643964897537,n6
39,0.8579764070701441,14.59937380610468,15.525643964897537,n6
40,0.3745846409457972,14.913610762411105,15.525643964897537,n6
41,0.04973120999789586,15.302639009800355,15.525643964897537,n6
42,0.3179589429357712,14.96176548247799,15.525643964897537,n6
43,0.20764531016980298,15.069962815221798,15.525643964897537,n6
44,0.008655691024404711,15.43260799860275,15.525643964897537,n6
45,0.13427711322605038,15.159205548207842,15.525643964897537,n6
46,0.3379852632436362,14.944278964881509,15.525643964897537,n6
47,0.09334885227217903,15.22011352079715,15.525643964897537,n6
48,0.05065449898505935,15.300578421144035,15.525643964897537,n6
49,0.1948307019638224,15.084247655484077,15.525643964897537,n6
50,0.8809322660901224,14.587064044970564,15.525643964897537,n6
51,0.3540740428723508,14.93060275382695,15.525643964897537,n6
52,0.2802581827895058,14.996249799091466,15.525643964897537,n6
53,0.6818771945348988,14.699885407851411,15.525643964897537,n6
54,0.3319760682688381,14.94947032069916,15.525643964897537,n6
55,0.17606717697994195,15.106040369846276,15.525643964897537,n6
56,0.8243972512120822,14.617680721581992,15.525643964897537,n6
57,0.20607780810526605,15.071686028404224,15.525643964897537,n6
58,0.6872956390690523,14.696611010746103,15.525643964897537,n6
59,0.38234061510799894,14.907306989528928,15.525643964897537,n6
60,0.7582478450861534,14.654869685829675,15.525643964897537,n6
61,0.6787329189833775,14.701791478718501,15.525643964897537,n6
62,0.13995087526420938,15.151543877669253,15.525643964897537,n6
63,0.0813053485006011,15.240503037458838,15.525643964897537,n6
64,0.41658866280012474,14.880207164892978,15.525643964897537,n6
65,0.07541811497264014,15.251020377103917,15.525643964897537,n6
66,0.27957902211551405,14.996891639025097,15.525643964897537,n6
67,0.3125441037434395,14.966587524326963,15.525643964897537,n6
68,0.31505655028635765,14.964344980143103,15.525643964897537,n6
69,0.5447692113477226,14.787559138236182,15.525643964897537,n6
70,0.21923144612960024,15.057422386871064,15.525643964897537,n6
71,0.12284219350423857,15.175155457947254,15.525643964897537,n6
72,0.8105429533650899,14.625342374670634,15.525643964897537,n6
73,0.34982788811386617,14.934181465567388,15.525643964897537,n6
74,0.26340946922907693,15.012409642945977,15.525643964897537,n6
75,0.5991635653973811,14.751587400170267,15.525643964897537,n6
76,0.0874592461538224,15.229908870338534,15.525643964897537,n6
77,0.13656222792303166,15.156100695545987,15.525643964897537,n6
78,0.18949647965992508,15.090332031153554,15.525643964897537,n6
79,0.1054266467245891,15.200949267181992,15.525643964897537,n6
80,0.6272927078060756,14.73362584148995,15.525643964897537,n6
81,0.09007470776444731,15.225519477785193,15.525643964897537,n6
82,0.20462410441712217,15.073290005682939,15.525643964897537,n6
83,0.10928944805460354,15.19505441870074,15.525643964897537,n6
84,1.0300949285717302,14.510708041515311,15.525643964897537,n6
85,0.4882782763245808,14.826874849721014,15.525643964897537,n6
86,0.2326228858452277,15.043334016995539,15.525643964897537,n6
87,0.9510493518975769,14.550426372819965,15.525643964897537,n6
88,1.1682959227716776,14.44476657926507,15.525643964897537,n6
89,1.404988867827874,14.340321701617261,15.525643964897537,n6
90,1.1652591752597603,14.4461722537074,15.525643964897537,n6
91,0.9303107073996996,14.56111780796881,15.525643964897537,n6
92,1.8123231172835876,14.179418457308415,15.525643964897537,n6
93,1.5772876187337725,14.269742846682503,15.525643964897537,n6
94,0.5198287561577419,14.804652455822886,15.525643964897537,n6
95,0.543896172317306,14.788150797256435,15.525643964897537,n6
96,0.8825642298558778,14.586195068013902,15.525643964897537,n6
97,1.1369951346963898,14.459344225285644,15.525643964897537,n6
98,0.5442498058546329,14.787911082443031,15.525643964897537,n6
99,1.15150522148964,14.452561851781471,15.525643964897537,n6
100,0.5578571950158417,14.778745581570968,15.525643964897537,n6
0,140.63669606280217,1,12.859034364685945,n7
1,5.825114956937221,10.44550687221,12.859034364685945,n7
2,4.025916574717225,10.852565681970656,12.859034364685945,n7
3,3.663928702029545,10.94489521038458,12.859034364685945,n7
4,3.933262138507861,10.875789009590449,12.859034364685945,n7
5,3.0661495991262444,11.10799193255409,12.859034364685945,n7
6,4.692706356483231,10.69276883237389,12.859034364685945,n7
7,3.9414272349942863,10.873731557808796,12.859034364685945,n7
8,4.8504782903625845,10.656654222575463,12.859034364685945,n7
9,6.87065850717125,10.237840265201656,12.859034364685945,n7
10,1.4726081733042051,11.645523683519848,12.859034364685945,n7
11,5.192077732229364,10.580421248724974,12.859034364685945,n7
12,6.752484041541675,10.260480143288655,12.859034364685945,n7
13,6.0199720742102265,10.405471226266592,12.859034364685945,n7
14,3.0403777670952055,11.11536645849073,12.859034364685945,n7
15,14.273030378270727,9.08106793044242,12.859034364685945,n7
16,7.369170100198823,10.144412825649827,12.859034364685945,n7
17,4.420984115169709,10.756420725623906,12.859034364685945,n7
18,1.2823175296396663,11.726639764893246,12.859034364685945,n7
19,6.104089031469628,10.388388896094867,12.859034364685945,n7
20,4.312665493352295,10.782338553221903,12.859034364685945,n7
21,5.8853688059588,10.433056457540292,12.859034364685945,n7
22,4.853188384166767,10.656039043727054,12.859034364685945,n7
23,9.279027039145562,9.81288482155029,12.859034364685945,n7
24,5.523386074233944,10.508845845814758,12.859034364685945,n7
25,2.9250733003007365,11.148749797632632,12.859034364685945,n7
26,3.0047136347658983,11.1256233820376,12.859034364685945,n7
27,5.533356314401536,10.506725644640564,12.859034364685945,n7
28,2.2721577859926043,11.351666531012755,12.859034364685945,n7
29,8.05695882688596,10.020556105673563,12.859034364685945,n7
30,3.2753190815161597,11.049250100880958,12.859034364685945,n7
31,1.6191708995077556,11.586567901667074,12.859034364685945,n7
32,6.582373131521094,10.293420767216308,12.859034364685945,n7
33,3.950809956981595,10.871369916902669,12.859034364685945,n7
34,5.4102546686755275,10.533038950099852,12.859034364685945,n7
35,7.513160127937689,10.118019930587195,12.859034364685945,n7
36,1.9835615462286336,11.450644664983255,12.859034364685945,n7
37,1.051483265537516,11.833615784038258,12.859034364685945,n7
38,2.9369324850717846,11.145286283703275,12.859034364685945,n7
39,2.512546527943803,11.273932939557634,12.859034364685945,n7
40,1.8365081860748247,11.503856078970436,12.859034364685945,n7
41,3.651844606103247,10.94805435272788,12.859034364685945,n7
42,4.125576008540218,10.82788296497685,12.859034364685945,n7
43,4.355857844030451,10.77196516505924,12.859034364685945,n7
44,2.7411029752589138,11.203406696621983,12.859034364685945,n7
45,1.8924395374915977,11.483374691114172,12.859034364685945,n7
46,2.088349265018206,11.41392216661335,12.859034364685945,n7
47,4.759692699746354,10.677362368315649,12.859034364685945,n7
48,5.127645451978867,10.594603872933357,12.859034364685945,n7
49,6.748975257286606,10.261155372645206,12.859034364685945,n7
50,6.298462854036599,10.34936051056932,12.859034364685945,n7
51,5.353838580557858,10.545198030681775,12.859034364685945,n7
52,1.2049895111833258,11.761314222216415,12.859034364685945,n7
53,1.485487104675098,11.640228758908265,12.859034364685945,n7
54,7.466671250364389,10.12651332169938,12.859034364685945,n7
55,2.363578241509293,11.321641037814356,12.859034364685945,n7
56,4.920245918333132,10.640871629823344,12.859034364685945,n7
57,2.409872907580606,11.30665782931168,12.859034364685945,n7
58,2.961449995558017,11.138147966471927,12.859034364685945,n7
59,4.3976215001351795,10.761983697645404,12.859034364685945,n7
60,6.146322525517988,10.379856572449578,12.859034364685945,n7
61,2.3261311321011617,11.333868428762525,12.859034364685945,n7
62,5.0130059031840055,10.620060067561477,12.859034364685945,n7
63,4.712940960034283,10.688103467574228,12.859034364685945,n7
64,3.8978565014126945,10.884735374813161,12.859034364685945,n7
65,3.580211793368337,10.966889604534561,12.859034364685945,n7
66,7.939463503812721,10.041329003259253,12.859034364685945,n7
67,7.95763105310727,10.038107025475083,12.859034364685945,n7
68,6.016909906953138,10.406095330190155,12.859034364685945,n7
69,3.644790286603848,10.949900978407278,12.859034364685945,n7
70,6.985020189821304,10.216115487795982,12.859034364685945,n7
71,3.252532045340727,11.055556600658695,12.859034364685945,n7
72,6.455336782954704,10.31829888397279,12.859034364685945,n7
73,9.294563557284297,9.810335698486824,12.859034364685945,n7
74,14.291431153076939,9.078633439773755,12.859034364685945,n7
75,15.027434260455868,8.982510888624454,12.859034364685945,n7
76,6.383457811889174,10.332483788922781,12.859034364685945,n7
77,11.329050284185044,9.49316890626592,12.859034364685945,n7
78,9.570859599993176,9.765353773546456,12.859034364685945,n7
79,4.1452973031675,10.823034044654658,12.859034364685945,n7
80,5.3143581094524235,10.55374520506791,12.859034364685945,n7
81,11.070423707485118,9.531809739343508,12.859034364685945,n7
82,12.559428576338892,9.315105954525986,12.859034364685945,n7
83,11.9830592264393,9.397378803189495,12.859034364685945,n7
84,9.381976330266673,9.796033168103307,12.859034364685945,n7
85,5.081720636995027,10.604767158475681,12.859034364685945,n7
86,5.7749643515831135,10.45591881365992,12.859034364685945,n7
87,5.501913436838106,10.513418574144342,12.859034364685945,n7
88,10.28855013986533,9.651457375763414,12.859034364685945,n7
89,3.9878222286445046,10.862081128216822,12.859034364685945,n7
90,2.0443129347969733,11.429239646974002,12.859034364685945,n7
91,6.740364813544924,10.262813108023693,12.859034364685945,n7
92,8.182111554383418,9.998595315451821,12.859034364685945,n7
93,7.022983045552937,10.208943225582813,12.859034364685945,n7
94,7.090349328769251,10.19626337776851,12.859034364685945,n7
95,7.762383340371077,10.072928957424569,12.859034364685945,n7
96,5.969514133549935,10.415775448085018,12.859034364685945,n7
97,5.030848048849436,10.616079160307258,12.859034364685945,n7
98,8.454171934203744,9.951428487988805,12.859034364685945,n7
99,4.44816992901853,10.749965866742237,12.859034364685945,n7
100,5.867679451888906,10.436705020461897,12.859034364685945,n7
0,107.87628146654623,1,11.38635072903598,n8
1,0.06185564617324207,11.137642775457406,11.38635072903598,n8
2,0.05574382963546124,11.150249416808663,11.38635072903598,n8
3,0.11075583193112366,11.053550741158691,11.38635072903598,n8
4,0.0003528483360738497,11.367566471369683,11.38635072903598,n8
5,0.00046027319635828963,11.407804707603097,11.38635072903598,n8
6,0.09805654271267607,11.07321091567352,11.38635072903598,n8
7,0.156529703898467,10.990712379152571,11.38635072903598,n8
8,0.322214391885932,10.81871141407803,11.38635072903598,n8
9,0.00014673483389874856,11.398464144487402,11.38635072903598,n8
10,0.04160831601866674,11.182369563192987,11.38635072903598,n8
11,0.018993728469481202,11.248532992624874,11.38635072903598,n8
12,0.013960519010586831,11.268196088794529,11.38635072903598,n8
13,0.025121059544239065,11.22785448446142,11.38635072903598,n8
14,0.05982719819940787,11.141754739290834,11.38635072903598,n8
15,0.04921678902560118,11.164502156749384,11.38635072903598,n8
16,0.004907330488752885,11.31629838797051,11.38635072903598,n8
17,0.10367253091695056,11.06436853866367,11.38635072903598,n8
18,0.07006845242327023,11.121646266619363,11.38635072903598,n8
19,0.1632006973709966,10.982369668377196,11.38635072903598,n8
20,0.03303710959451945,11.204589595691914,11.38635072903598,n8
21,0.019855321885580035,11.245441815600456,11.38635072903598,n8
22,0.008970685702658927,11.29163702515603,11.38635072903598,n8
23,0.015240386796300758,11.262898767543662,11.38635072903598,n8
24,0.10745307501515805,11.05855037056278,11.38635072903598,n8
25,0.10179066982310604,11.067304228000307,11.38635072903598,n8
26,0.12992630455215412,11.025897813175733,11.38635072903598,n8
27,0.11805196736680816,11.042763815189122,11.38635072903598,n8
28,0.14560358558518652,11.0047703501049,11.38635072903598,n8
29,0.0024100946909511927,11.435443444289378,11.38635072903598,n8
30,0.005621923884452914,11.311371239277427,11.38635072903598,n8
31,0.09416382404680228,11.079489483443119,11.38635072903598,n8
32,0.07774964237585615,11.10751450044318,11.38635072903598,n8
33,0.0436330401169453,11.177465497109582,11.38635072903598,n8
34,0.07284444552847259,11.11645362729446,11.38635072903598,n8
35,0.03704648572055688,11.193876092471687,11.38635072903598,n8
36,0.0009853794641034043,11.354959974599309,11.38635072903598,n8
37,0.015433984751294537,11.262117139571236,11.38635072903598,n8
38,0.09474257512893024,11.078547910450883,11.38635072903598,n8
39,0.002476389819530975,11.436114067142773,11.38635072903598,n8
40,0.18313185565137172,10.958411649666765,11.38635072903598,n8
41,0.06121927634934944,11.138925434554293,11.38635072903598,n8
42,0.21570171294135845,10.92191374413775,11.38635072903598,n8
43,0.038291505678092946,11.19066857431028,11.38635072903598,n8
44,0.24783113242886537,10.888524321109617,11.38635072903598,n8
45,0.5673952066342217,10.633094327380991,11.38635072903598,n8
46,0.13835322719115362,11.014392092637854,11.38635072903598,n8
47,0.0042829778661338845,11.320906265052127,11.38635072903598,n8
48,0.10995309880397743,11.054758963752255,11.38635072903598,n8
49,0.058877797835812325,11.143703252568962,11.38635072903598,n8
50,0.005160707097929061,11.314512667411734,11.38635072903598,n8
51,0.046591204484951666,11.170500770766465,11.38635072903598,n8
52,0.033073006075502266,11.204490876194562,11.38635072903598,n8
53,0.013764141619509543,11.269030050468604,11.38635072903598,n8
54,0.044254438875234524,11.596718119273238,11.38635072903598,n8
55,0.2552080632857759,10.881169510772894,11.38635072903598,n8
56,0.021003799258976535,11.241423853478075,11.38635072903598,n8
57,0.0001441465910304874,11.39835683544191,11.38635072903598,n8
58,1.666958249754516e-05,11.390433569039892,11.38635072903598,n8
59,0.0008501537049587677,11.415508124409346,11.38635072903598,n8
60,0.002467220161599044,11.336679609040564,11.38635072903598,n8
61,0.00013922657971539022,11.39815016036615,11.38635072903598,n8
62,0.10882194866592179,11.056469009830563,11.38635072903598,n8
63,0.21139205790183774,10.926576808612216,11.38635072903598,n8
64,0.1764018456009984,10.966348531897681,11.38635072903598,n8
65,0.16078178626860148,10.985374687022743,11.38635072903598,n8
66,0.007157226041808595,11.301750338718863,11.38635072903598,n8
67,0.0078008563237326085,11.474673185544688,11.38635072903598,n8
68,0.02738504188771293,11.551834993809743,11.38635072903598,n8
69,0.16041574131444167,10.985831389534825,11.38635072903598,n8
70,0.008576164857194804,11.293743143724653,11.38635072903598,n8
71,0.02687995555679753,11.222399652318572,11.38635072903598,n8
72,0.08679259987438119,11.091744890882048,11.38635072903598,n8
73,0.028635304754147658,11.217131035282128,11.38635072903598,n8
74,0.09809174416552327,11.073154713471409,11.38635072903598,n8
75,0.00023593778393528892,11.370990462634147,11.38635072903598,n8
76,0.015903275222233962,11.260242540474595,11.38635072903598,n8
77,0.044274667421668155,11.17593526519915,11.38635072903598,n8
78,0.2226238206336201,10.914520441078944,11.38635072903598,n8
79,0.2243822691813475,10.912660673006357,11.38635072903598,n8
80,0.15320949602257833,10.994930882806157,11.38635072903598,n8
81,0.042522276956124476,11.18014142527855,11.38635072903598,n8
82,0.043145919397148326,11.178634770580333,11.38635072903598,n8
83,3.2142223886665194e-05,11.392020140282897,11.38635072903598,n8
84,0.00032966031485944923,11.368194178844398,11.38635072903598,n8
85,0.0013341478951395275,11.349824739725086,11.38635072903598,n8
86,0.12110719343513889,11.03834614079735,11.38635072903598,n8
87,0.020030802677597166,11.527880947284936,11.38635072903598,n8
88,0.005415652200714637,11.312759614078299,11.38635072903598,n8
89,0.013607175035460155,11.269700932484678,11.38635072903598,n8
90,0.00939619290661996,11.289416767460999,11.38635072903598,n8
91,0.029144079169154888,11.215634358499482,11.38635072903598,n8
92,0.09273624927632888,11.08182445877949,11.38635072903598,n8
93,0.03652713400869918,11.195229997537016,11.38635072903598,n8
94,0.04411754507707185,11.176308959197046,11.38635072903598,n8
95,0.004245313223214804,11.321194660836504,11.38635072903598,n8
96,0.1077608179338756,11.058081300161046,11.38635072903598,n8
97,0.004833804277808614,11.455876294677754,11.38635072903598,n8
98,0.05949010718333864,11.142444789823056,11.38635072903598,n8
99,0.0019418128179838712,11.342284723794027,11.38635072903598,n8
100,0.07403445245253809,11.114258001362971,11.38635072903598,n8
0,8.198044485257663,1,3.8632227446109852,n9
1,1.992725093392188e-05,3.8676867395632586,3.8632227446109852,n9
2,2.348260498932712e-07,3.8627381560742933,3.8632227446109852,n9
3,0.00018757890209336115,3.8495267998793006,3.8632227446109852,n9
4,0.0007592923033056522,3.8907780036971498,3.8632227446109852,n9
5,8.234470958810438e-08,3.863509702290074,3.8632227446109852,n9
6,0.0002949152827290276,3.8460496469658594,3.8632227446109852,n9
7,3.491958734361544e-05,3.857313464845767,3.8632227446109852,n9
8,0.002344052630665775,3.911638161893766,3.8632227446109852,n9
9,5.9291744393410626e-05,3.855522631339519,3.8632227446109852,n9
10,0.0001441057234394848,3.87522714894604,3.8632227446109852,n9
11,0.0009264060608725914,3.8327858252387395,3.8632227446109852,n9
12,0.00018652329480900096,3.849565391470314,3.8632227446109852,n9
13,0.003055329761263961,3.807947707195675,3.8632227446109852,n9
14,1.4380264767807129e-07,3.8636019578065337,3.8632227446109852,n9
15,0.00027319743491960205,3.846694059396498,3.8632227446109852,n9
16,0.0012224239813785317,3.82825956424394,3.8632227446109852,n9
17,0.0018813500977154368,3.81984821178681,3.8632227446109852,n9
18,0.0009671663639147869,3.894322043058294,3.8632227446109852,n9
19,0.0021895603971257608,3.9100154833332033,3.8632227446109852,n9
20,5.218007730377133e-06,3.8655070405047733,3.8632227446109852,n9
21,9.632092956636134e-05,3.87303706728585,3.8632227446109852,n9
22,6.591510665803017e-05,3.871341556510397,3.8632227446109852,n9
23,3.136679891945352e-05,3.857622137597504,3.8632227446109852,n9
24,0.0010023965884701305,3.831562097294954,3.8632227446109852,n9
25,0.0008082393501731033,3.834793193960771,3.8632227446109852,n9
26,0.0011423675389194757,3.829423816537458,3.8632227446109852,n9
27,0.0007651287171222571,3.835561784448289,3.8632227446109852,n9
28,0.0014983234226044156,3.8245145617215184,3.8632227446109852,n9
29,0.0005924460593989499,3.838882529751643,3.8632227446109852,n9
30,3.6269521769958106e-05,3.8572003263450427,3.8632227446109852,n9
31,0.0003733474762118797,3.843900542971113,3.8632227446109852,n9
32,5.4814221877205255e-05,3.870626407344876,3.8632227446109852,n9
33,0.000525935933915803,3.8402894514781662,3.8632227446109852,n9
34,0.0038924302487411792,3.9256120886429686,3.8632227446109852,n9
35,0.0002597037634046596,3.8471074176392897,3.8632227446109852,n9
36,3.869712796196736e-05,3.857002043045891,3.8632227446109852,n9
37,0.0014532659993547452,3.90134447069146,3.8632227446109852,n9
38,1.0546959651405822e-06,3.8642497285276756,3.8632227446109852,n9
39,0.0007231182100450419,3.8363318872418897,3.8632227446109852,n9
40,5.44159099224069e-05,3.855846030578138,3.8632227446109852,n9
41,0.0001037016153156791,3.8530393456049716,3.8632227446109852,n9
42,0.0020627218179918717,3.9086399419925044,3.8632227446109852,n9
43,0.0005371271840396349,3.8863987490992407,3.8632227446109852,n9
44,0.00013275035873139485,3.8517010104215763,3.8632227446109852,n9
45,8.872147502380924e-08,3.862924883107894,3.8632227446109852,n9
46,0.0013434619551333823,3.8265694779743895,3.8632227446109852,n9
47,0.0003066133943244884,3.845712364994184,3.8632227446109852,n9
48,0.00018899772187460254,3.849475100380987,3.8632227446109852,n9
49,0.00037296784139491824,3.84391036926783,3.8632227446109852,n9
50,0.0006450019031263034,3.83782585694485,3.8632227446109852,n9
51,0.0013549337295906728,3.8264133201440003,3.8632227446109852,n9
52,4.947020189659698e-06,3.860998554828242,3.8632227446109852,n9
53,5.692986538793799e-05,3.855677556383516,3.8632227446109852,n9
54,7.807120404935442e-05,3.8543869535287247,3.8632227446109852,n9
55,0.00013757616285465672,3.851493458065988,3.8632227446109852,n9
56,2.179502207990957e-05,3.858554230706121,3.8632227446109852,n9
57,0.0003336870020539015,3.8449556429784355,3.8632227446109852,n9
58,0.0002209368083930066,3.8780866878426115,3.8632227446109852,n9
59,0.0009327145025051956,3.832682369654132,3.8632227446109852,n9
60,9.622727137469536e-07,3.864203699611863,3.8632227446109852,n9
61,0.00043905811106512453,3.8422690310722083,3.8632227446109852,n9
62,0.0002659218393958603,3.879529854698179,3.8632227446109852,n9
63,0.0008182496970771676,3.8346176804251253,3.8632227446109852,n9
64,7.487149735406204e-05,3.8545699128575035,3.8632227446109852,n9
65,0.00045408601839241316,3.8419134504323313,3.8632227446109852,n9
66,9.775748907511045e-07,3.864211468480805,3.8632227446109852,n9
67,0.002194688173551584,3.910070243728351,3.8632227446109852,n9
68,0.0008453798389960552,3.8922981610137826,3.8632227446109852,n9
69,0.0011135002304930477,3.8965918954915972,3.8632227446109852,n9
70,0.0009458936223305712,3.8324673609793254,3.8632227446109852,n9
71,0.00013428379837532553,3.8516346559689647,3.8632227446109852,n9
72,0.0007412156167566672,3.890448019940294,3.8632227446109852,n9
73,7.537002362371893e-05,3.854541153534246,3.8632227446109852,n9
74,0.0001438044957762879,3.8512308933870796,3.8632227446109852,n9
75,0.0007680202718379843,3.890935923278146,3.8632227446109852,n9
76,0.0004268048688897389,3.84256348835889,3.8632227446109852,n9
77,0.00010651576807546143,3.8735433922687372,3.8632227446109852,n9
78,0.001755039583975853,3.8213295520377777,3.8632227446109852,n9
79,3.5707944597812326e-06,3.8651123991984115,3.8632227446109852,n9
80,0.00022361090762466754,3.8781763698445086,3.8632227446109852,n9
81,0.0001461354780045971,3.8511340938175924,3.8632227446109852,n9
82,4.4067580451875174e-05,3.8565844029165652,3.8632227446109852,n9
83,0.0019958042427242863,3.818548319682126,3.8632227446109852,n9
84,0.0004753845883519782,3.8850260606053926,3.8632227446109852,n9
85,0.00019060177593962938,3.8494168844081718,3.8632227446109852,n9
86,0.0003949473546690284,3.843349462177803,3.8632227446109852,n9
87,0.00018601836618195727,3.849583889593721,3.8632227446109852,n9
88,0.00019297161517205,3.8771141669705584,3.8632227446109852,n9
89,0.00019070250318142486,3.849413236901388,3.8632227446109852,n9
90,0.0003528747734597733,3.882007705975326,3.8632227446109852,n9
91,0.0014283037508745458,3.90101565070293,3.8632227446109852,n9
92,0.0002902581474382885,3.8461857804612816,3.8632227446109852,n9
93,0.0002019420593379585,3.8774333765229714,3.8632227446109852,n9
94,0.0009762540702276958,3.8944678093449188,3.8632227446109852,n9
95,0.0003770885269018745,3.8438039772221453,3.8632227446109852,n9
96,0.0003672633876748746,3.8440586274209116,3.8632227446109852,n9
97,0.001483055039945049,3.8247122909659677,3.8632227446109852,n9
98,0.0007705683777848951,3.8354636311924177,3.8632227446109852,n9
99,0.003906827909912319,3.8007181215026717,3.8632227446109852,n9
100,0.0011836848715325494,3.8288180229650752,3.8632227446109852,n9
0,74.6192309307499,1,9.638242351934212,n10
1,0.001906481592042871,9.681905627029455,9.638242351934212,n10
2,0.14699016610715315,9.254849386287797,9.638242351934212,n10
3,0.021548035582997446,9.785034843509896,9.638242351934212,n10
4,0.05468751392184119,9.404388735494694,9.638242351934212,n10
5,0.04609088648711342,9.423554470377955,9.638242351934212,n10
6,0.027000315556313614,9.80256007939024,9.638242351934212,n10
7,0.14015389481071014,9.263871019149889,9.638242351934212,n10
8,0.06942867988565175,9.374749126431825,9.638242351934212,n10
9,0.09031823857346206,9.337712422354041,9.638242351934212,n10
10,0.17410423371654485,9.220984357742914,9.638242351934212,n10
11,0.07079936133674301,9.372160858145667,9.638242351934212,n10
12,0.07169117954118484,9.370490265964401,9.638242351934212,n10
13,0.003309070497164012,9.580717831100362,9.638242351934212,n10
14,0.015653303328834436,9.763355514026912,9.638242351934212,n10
15,0.01545567032739613,9.762563188190232,9.638242351934212,n10
16,0.04641699025155965,9.422796325627019,9.638242351934212,n10
17,0.016590322681228623,9.767045778446198,9.638242351934212,n10
18,0.010563415532368899,9.741020829897105,9.638242351934212,n10
19,0.006893242369666811,9.72126790444467,9.638242351934212,n10
20,0.04435577275007582,9.427634249644495,9.638242351934212,n10
21,0.011101315899420832,9.532879569608474,9.638242351934212,n10
22,0.05459957364690071,9.404576835336446,9.638242351934212,n10
23,0.05952679637994424,9.394261212540314,9.638242351934212,n10
24,0.030057913049404864,9.46487017120903,9.638242351934212,n10
25,0.11712825984164842,9.296002290220729,9.638242351934212,n10
26,0.34674770019873075,9.049389483894384,9.638242351934212,n10
27,0.10446407509763792,9.315033324990907,9.638242351934212,n10
28,0.12255527347583946,9.288163398731024,9.638242351934212,n10
29,0.08959286829199278,9.338921673911472,9.638242351934212,n10
30,0.3803500995541753,9.021517048777145,9.638242351934212,n10
31,0.1468805228931848,9.254992403606511,9.638242351934212,n10
32,0.020627097627586202,9.49462098295457,9.638242351934212,n10
33,0.10442639553229094,9.315091620026807,9.638242351934212,n10
34,0.03705887017255222,9.445735546411518,9.638242351934212,n10
35,0.01391082430677656,9.75618650951218,9.638242351934212,n10
36,0.06157793453238124,9.390093335147158,9.638242351934212,n10
37,0.1776753154982216,9.2167268534075,9.638242351934212,n10
38,0.0725838620869801,9.368828428598798,9.638242351934212,n10
39,0.02610656929404811,9.476667077544693,9.638242351934212,n10
40,0.10941122079331674,9.307468681891814,9.638242351934212,n10
41,0.26230971174197637,9.12608054962758,9.638242351934212,n10
42,0.014662506083430107,9.517153516431387,9.638242351934212,n10
43,0.047645033041534106,9.419964929735913,9.638242351934212,n10
44,0.0353683202121898,9.45017768164181,9.638242351934212,n10
45,0.003386616250328309,9.696436993013338,9.638242351934212,n10
46,0.07376045103220114,9.366653598425895,9.638242351934212,n10
47,0.06294559955620324,9.38735273565605,9.638242351934212,n10
48,0.029648320582104464,9.466055475018157,9.638242351934212,n10
49,0.08285815187235691,9.350391432407529,9.638242351934212,n10
50,0.021180447117866152,9.492707314510689,9.638242351934212,n10
51,0.014102230447043231,9.756995164309512,9.638242351934212,n10
52,0.002731836586434967,9.585975377787673,9.638242351934212,n10
53,0.01698572143423507,9.507913071132716,9.638242351934212,n10
54,0.21546958211299583,9.174055339930433,9.638242351934212,n10
55,0.14443263011423293,9.258199419998578,9.638242351934212,n10
56,0.11542374282474206,9.298501652540185,9.638242351934212,n10
57,0.09948691750688625,9.322826883849835,9.638242351934212,n10
58,0.21838511939946648,9.170925415156326,9.638242351934212,n10
59,0.17538853512415198,9.21944820784412,9.638242351934212,n10
60,0.26167598587489893,9.126699601154867,9.638242351934212,n10
61,0.06948244083687773,9.374647130359772,9.638242351934212,n10
62,0.04067776379097599,9.436555059843272,9.638242351934212,n10
63,6.730043571983598e-05,9.63003866765702,9.638242351934212,n10
64,0.03333577696794829,9.820823229815627,9.638242351934212,n10
65,0.00326862702038668,9.695414259549636,9.638242351934212,n10
66,0.08948009682538904,9.339110112238473,9.638242351934212,n10
67,0.2329531284582021,9.155590170277273,9.638242351934212,n10
68,0.27618634776250145,9.112708006945702,9.638242351934212,n10
69,0.002334758535321409,9.6865616910783,9.638242351934212,n10
70,0.009827382647961572,9.737375508082705,9.638242351934212,n10
71,0.01375403211812263,9.755519937678985,9.638242351934212,n10
72,0.0007388883330865043,9.665424852427847,9.638242351934212,n10
73,0.002252528433451717,9.685703161382131,9.638242351934212,n10
74,0.10349676668734753,9.316533218263208,9.638242351934212,n10
75,0.05750415019201002,9.398442122176169,9.638242351934212,n10
76,0.21358228067516175,9.17609272175459,9.638242351934212,n10
77,0.03481911985556326,9.451643531317458,9.638242351934212,n10
78,0.02051310978000436,9.781466336587636,9.638242351934212,n10
79,0.17751008382267927,9.216922896149555,9.638242351934212,n10
80,0.08070911615601713,9.922335850902451,9.638242351934212,n10
81,0.11272477381482261,9.302497249490672,9.638242351934212,n10
82,0.09562746962088076,9.329005436898376,9.638242351934212,n10
83,0.17563438144019822,9.219154793731635,9.638242351934212,n10
84,0.15332983664780245,9.246668812675233,9.638242351934212,n10
85,0.0019438063549000234,9.682330971269591,9.638242351934212,n10
86,0.008982984041377682,9.54346374653522,9.638242351934212,n10
87,0.025548957512017856,9.47840193929705,9.638242351934212,n10
88,0.008891530590208788,9.732537264788558,9.638242351934212,n10
89,0.01690635918988781,9.508217895811958,9.638242351934212,n10
90,0.16654114632749345,9.230147820817347,9.638242351934212,n10
91,0.058306262085994535,9.396775455474273,9.638242351934212,n10
92,0.03964314775860803,9.439136481205576,9.638242351934212,n10
93,0.04967185741047313,9.861114192709293,9.638242351934212,n10
94,0.07579616566747802,9.362931317524986,9.638242351934212,n10
95,0.0337288555495636,9.454588178146727,9.638242351934212,n10
96,0.0284266015305815,9.469640449422462,9.638242351934212,n10
97,0.22463324105706156,9.1642874584506,9.638242351934212,n10
98,0.41894348119495056,8.990983917307863,9.638242351934212,n10
99,0.4189995641526576,8.990940595291564,9.638242351934212,n10
100,0.13837572078810711,9.266253480073631,9.638242351934212,n10
0,118.65645383647299,1,11.892954320865988,n5
1,0.5108847234262806,11.178192316121555,11.892954320865988,n5
2,0.08565884365623207,11.600278999637442,11.892954320865988,n5
3,0.12470366939170659,11.539820253702104,11.892954320865988,n5
4,0.15236654719090284,11.502612743281812,11.892954320865988,n5
5,0.13314496103128975,11.528063979761582,11.892954320865988,n5
6,0.1496100268488393,11.506159767066636,11.892954320865988,n5
7,0.19400979321620695,11.452488892919359,11.892954320865988,n5
8,0.19109965501486142,11.455804855562802,11.892954320865988,n5
9,0.08566150050576493,11.600274460770072,11.892954320865988,n5
10,0.3064168182266784,11.339405029269766,11.892954320865988,n5
11,0.10334998120518368,11.571473401984036,11.892954320865988,n5
12,0.36444350060463115,11.289262760046531,11.892954320865988,n5
13,0.09670726113490231,11.581976409857983,11.892954320865988,n5
14,0.30885072509087713,11.33721092226293,11.892954320865988,n5
15,0.031007921695423248,11.716863657583055,11.892954320865988,n5
16,0.10745630961184693,11.565149028639265,11.892954320865988,n5
17,0.11049519053734141,11.560546152288046,11.892954320865988,n5
18,0.8950307677175678,10.946893663340495,11.892954320865988,n5
19,0.668558639348993,11.075299968863265,11.892954320865988,n5
20,0.47858063967440595,11.201159091282546,11.892954320865988,n5
21,0.35025520303731517,11.301130695925824,11.892954320865988,n5
22,0.15954540109312876,11.493522973707144,11.892954320865988,n5
23,0.01619602925506004,11.765690699767655,11.892954320865988,n5
24,0.11216209466351683,11.5580482225884,11.892954320865988,n5
25,0.35789528410953186,11.29471082185448,11.892954320865988,n5
26,0.12477107949389898,11.539724821115614,11.892954320865988,n5
27,0.14188257617851951,11.516281284694669,11.892954320865988,n5
28,0.6165260554063687,11.107762589244743,11.892954320865988,n5
29,0.09730607077438078,11.581015110803545,11.892954320865988,n5
30,0.1258733145502885,11.538168026668638,11.892954320865988,n5
31,0.1437383850949675,11.513825866255987,11.892954320865988,n5
32,0.03776253300202855,11.698628478523728,11.892954320865988,n5
33,0.005703630670302668,11.817431935639469,11.892954320865988,n5
34,0.15423112356339289,11.500231615177364,11.892954320865988,n5
35,0.21666860257660178,11.427477573244152,11.892954320865988,n5
36,0.52795091086603,11.166352015016336,11.892954320865988,n5
37,1.0848898439546648,10.851373866002003,11.892954320865988,n5
38,0.7945935764538268,11.001554536002974,11.892954320865988,n5
39,0.5210295286034905,11.171130569106952,11.892954320865988,n5
40,0.700837111224649,11.055794174164863,11.892954320865988,n5
41,0.3700223759198915,11.284659675221386,11.892954320865988,n5
42,0.33586785907356886,11.313413244605151,11.892954320865988,n5
43,0.4676310692679036,11.2091187636829,11.892954320865988,n5
44,0.5780921408855457,11.132630612906315,11.892954320865988,n5
45,0.7354589470616676,11.035365289300362,11.892954320865988,n5
46,0.8183744201634243,10.98831382864633,11.892954320865988,n5
47,0.14818220007797847,11.508009909193369,11.892954320865988,n5
48,0.23319498208131512,11.410051657711895,11.892954320865988,n5
49,0.14253653913962847,11.515414204931762,11.892954320865988,n5
50,0.3784522828837636,11.277769565785237,11.892954320865988,n5
51,0.7081984073030595,11.051409071159794,11.892954320865988,n5
52,0.4462429961926479,11.224940102310239,11.892954320865988,n5
53,0.08376782676427878,11.603527599977472,11.892954320865988,n5
54,0.15300317292360804,11.50179812070599,11.892954320865988,n5
55,0.1309397310623591,11.531098367395053,11.892954320865988,n5
56,0.16506134511514503,11.486676897034506,11.892954320865988,n5
57,0.3862299493198857,11.271480307475334,11.892954320865988,n5
58,0.076576308550846,11.616230074456595,11.892954320865988,n5
59,0.11375721746539762,11.55567518207232,11.892954320865988,n5
60,0.4464520528041793,11.224783644463484,11.892954320865988,n5
61,0.22019253834892344,11.423707543201054,11.892954320865988,n5
62,0.2334931399995022,11.409743042024628,11.892954320865988,n5
63,0.24140066179843678,11.40162890752119,11.892954320865988,n5
64,0.27110130895719986,11.372280422002985,11.892954320865988,n5
65,0.2938310767793624,11.350892445450125,11.892954320865988,n5
66,0.7558445963809366,11.023561086258692,11.892954320865988,n5
67,0.25269309108789034,11.390268443714172,11.892954320865988,n5
68,0.5876508174938319,11.126370458856206,11.892954320865988,n5
69,0.09525582897053265,11.584318890348795,11.892954320865988,n5
70,0.4193347338839506,11.245393718386227,11.892954320865988,n5
71,0.4340676102642704,11.234116244959418,11.892954320865988,n5
72,0.34715333820274386,11.303757122805148,11.892954320865988,n5
73,0.49297672471438503,11.190831308342979,11.892954320865988,n5
74,0.38093956550152586,11.275751302806674,11.892954320865988,n5
75,0.2190555682517777,11.424920595316452,11.892954320865988,n5
76,0.46856319238349087,11.208437562573328,11.892954320865988,n5
77,0.6136338954027739,11.109606444502763,11.892954320865988,n5
78,0.1213674034227994,11.54457607323448,11.892954320865988,n5
79,0.1813237729905305,11.467133028548975,11.892954320865988,n5
80,0.14673669339922954,11.509892063002818,11.892954320865988,n5
81,0.2768135153022112,11.366823619136644,11.892954320865988,n5
82,0.10427672577710086,11.570035250854474,11.892954320865988,n5
83,0.48264453091621806,11.19822809355323,11.892954320865988,n5
84,0.09737782206126577,11.580900123552018,11.892954320865988,n5
85,0.5564160385043568,11.147021322196297,11.892954320865988,n5
86,0.6884209132752791,11.063242977521039,11.892954320865988,n5
87,0.11750872128859925,11.550158869775109,11.892954320865988,n5
88,0.19947770952272825,11.44632504560212,11.892954320865988,n5
89,0.2782412563509578,11.365468533047057,11.892954320865988,n5
90,0.9005357711127703,10.943988688657544,11.892954320865988,n5
91,0.4657009604455003,11.210531460430099,11.892954320865988,n5
92,0.36086242811928076,11.292236060681331,11.892954320865988,n5
93,0.4209823546943576,11.244122790579151,11.892954320865988,n5
94,0.7648128910388335,11.018418506254125,11.892954320865988,n5
95,0.5904439045500914,11.124550843160367,11.892954320865988,n5
96,0.18749699834620084,11.459945084998898,11.892954320865988,n5
97,0.36130817612054883,11.29186516265354,11.892954320865988,n5
98,0.05660414911953262,11.655038055933275,11.892954320865988,n5
99,0.5032935493470193,11.183522471181313,11.892954320865988,n5
100,0.7148920878103385,11.047441406824849,11.892954320865988,n5
