Iteration,Squared_error,LogLoss,Estimate
0,11.278524394124283,-8.490613804395666,11.895488633308396
1,19.679118943909057,41.534854709469776,4.101021894609926
2,12.261440248542712,62.26786069497835,5.0355032535455955
3,13.836397169637118,57.79580490282588,4.817406400742151
4,15.02138934425262,54.470757746496666,4.6613934783859
5,8.587610653596633,73.11973696562976,5.606674661006526
6,20.44249818465059,39.413871896361414,4.015799096674022
7,11.616969595840382,64.12144458338267,5.128769608172038
8,8.89879891930102,72.16729787340057,5.554051723711052
9,8.226422355521018,74.23562970203473,5.668963147829745
10,11.387578422381678,64.78524953865924,5.162588568387749
11,10.092574227667795,68.58018491997169,5.360255982550743
12,17.80408344943626,46.73380729704242,4.3176486640075655
13,16.295989444843578,50.91873109330566,4.500308060891251
14,16.984106117173972,49.007737421807796,4.415959434869498
15,14.24271855857421,56.65256322160384,4.763184549448682
16,17.045231336522868,48.83813199048814,4.408550106180474
17,16.019397092246752,51.6879478837632,4.53471329125363
18,11.733394655902822,63.78538483728578,5.111732887906109
19,9.00436020795359,71.84598448453717,5.5364105800406795
20,13.798154443992312,57.903596287819326,4.822550480964565
21,12.018933499965557,62.96347522519761,5.070303840012335
22,18.04898331661382,46.05500140976852,4.288727689026214
23,10.958481302508552,66.03328806125361,5.226777499545671
24,11.365717613164252,64.84862873317401,5.165829195996846
25,10.941811142141018,66.08194923618366,5.229296335328431
26,11.655507470883215,64.01014358364718,5.123120867856749
27,14.65935548212644,55.48380717449328,4.708383416732915
28,16.212004578198183,51.15222112926309,4.510723829322069
29,8.943775381015735,72.0302892628267,5.546522644317409
30,17.93019511206489,46.38424561093164,4.302731082467346
31,13.406457091113408,59.00968507497336,4.875654284615638
32,19.70950010856533,41.45051838504773,4.097598916865399
33,14.150262234758427,56.91238881770493,4.775453762411865
34,8.576478762249394,73.1539574413173,5.608574617251997
35,15.86710506602933,52.11180541470647,4.553783698384264
36,14.397972064898509,56.2166529577708,4.742671214489055
37,20.16916226614318,40.17380145466688,4.046128145714105
38,9.770912481549685,69.53726315295039,5.41129131080661
39,14.264261620049048,56.59204712413249,4.760331450412662
40,12.341261801431799,62.039361850025166,5.0241239851085755
41,14.046583289584131,57.20396747789926,4.789260022280915
42,11.288534728248804,65.07256866955737,5.177295719693484
43,16.36157739466745,50.736430376036466,4.492192521974237
44,14.490098906447248,55.95820901987568,4.730550939725716
45,11.093655662678078,65.6392026278803,5.206423206449754
46,12.175512324447599,62.51409324482495,5.047794515381048
47,14.603277159383193,55.64092853160328,4.715713746620148
48,9.496955940381948,70.35764545364479,5.455424043128576
49,11.557696773350019,64.29275116428883,5.137475920046163
50,4.766934845538279,85.75445527285379,6.353806058262348
51,14.78555032162037,55.13043562544803,4.691938847171639
52,12.103209399596896,62.721490103201276,5.058170479015802
53,18.372868143375847,45.15732390272594,4.25077881552051
54,7.596794656941526,76.21065206721693,5.78090885432919
55,13.702274966985547,58.17399504589482,4.835478785713737
56,13.26497729538571,59.41016884800105,4.8950255400330684
57,13.110520802951985,59.848010849415715,4.916291877295447
58,9.001073979315208,71.85597418777435,5.536958202158897
59,9.717266719601314,69.6975179615603,5.419884120616657
60,16.3251611701522,50.83764414119997,4.49669647852988
61,10.201717618255458,68.25686843952383,5.343124416588412
62,18.46962747465527,44.889139793003565,4.239506744548244
63,11.731516665280832,63.79080123492244,5.1120070257313195
64,12.966997073553896,60.255470515390584,4.9361655087352805
65,14.963344931813946,54.63303296339153,4.668888890610713
66,15.171010324762822,54.052702071021095,4.642139077228109
67,11.324424010618346,64.96840565304232,5.171959039006356
68,17.258822641588115,48.245620460361394,4.382763276451441
69,11.228743998701598,65.24623125570258,5.186205382859734
70,13.448474785422619,58.890848735825436,4.869920975936196
71,8.504550765529396,73.37532794443086,5.620880900531704
72,14.841185648286935,54.97473237538811,4.6847112501138355
73,18.069512909153527,45.99810095335247,4.286312225303411
74,9.036792036528723,71.74744066058763,5.531011441423158
75,17.408124155240774,47.831567703511865,4.364832775518177
76,13.94762786469201,57.482480301241274,4.802484884964485
77,14.784620671055238,55.133037828955764,4.6920597336767
78,10.260218646506365,68.08385749217314,5.333979587741625
79,12.53282327198966,61.491891799488435,4.996964419058414
80,11.324068589893297,64.96943692255616,5.172011848025305
81,9.945910172259525,69.01577518409077,5.383423482164076
82,12.368158989176305,61.9624156627179,5.020297846859597
83,11.071902979214117,65.70256103274873,5.209690277309248
84,7.665494932081214,75.99316797991742,5.768474170885807
85,3.2681253219579527,91.55420641359511,6.729341485345588
86,14.845491448170595,54.96268416618547,4.684152447986649
87,9.969432020663017,68.94582709652053,5.379696454313807
88,16.953925448193697,49.09148780591367,4.419622718813904
89,15.462843233977265,53.23822939146263,4.6048550018222985
90,10.716165782716027,66.74198375580998,5.2635816672326605
91,11.104175357998924,65.60857025292552,5.204844385409241
92,9.895423573163564,69.16602563839491,5.391437974888947
93,4.100492770749663,88.24094369749483,6.51216984283261
94,11.067308533185853,65.71594601425178,5.210380735019923
95,17.207038582057752,48.38925244745797,4.389000433083171
96,7.762637469672871,75.6865063153723,5.750986179935355
97,12.11983109366138,62.6737947097646,5.055782414889513
98,10.990524272590251,65.93979081504934,5.221941230447388
99,15.454836970353567,53.2605583695798,4.605873151062552
100,10.626650117757656,67.0045473576787,5.27728288408776
101,17.034524323503074,48.867839539528184,4.409847002035217
102,13.027326672976441,60.08412352746657,4.927798379547789
103,6.8049995283295885,78.75685659891181,5.928497791628116
104,7.06229887394198,77.9210247173532,5.879638581153529
105,9.802126132233878,69.44410490514835,5.4063024592738875
106,4.66231608043765,86.13668815757279,6.37789749374656
107,5.680632153375418,82.52289067260195,6.15372951666698
108,6.725351921839782,79.01736490743993,5.943808845121267
109,7.779383155854603,75.63374364639243,5.747982634037617
110,12.251019042965408,62.297709287010164,5.036991618832723
111,7.62607991059213,76.11788142792223,5.775601404975751
112,10.05576099487911,68.68939697419003,5.366055202177126
113,16.369851019565335,50.71343657325593,4.491169939479917
114,10.383513136086234,67.71986798973813,5.314791287655546
115,13.801594571191908,57.89389850667631,4.822087453302094
116,10.174164207558166,68.33842389047899,5.347440623546038
117,10.208408203975807,68.23707164137643,5.3420772246112955
118,12.467240660391115,61.679182368005385,5.006239197055397
119,12.305532842883016,62.14161258086922,5.029212900733333
120,16.945801866463803,49.11403134853414,4.420609303697798
121,8.685553149473122,72.81910567913076,5.590010940651502
122,16.011185877293993,51.710795054312854,4.535739203007172
123,8.694144827447975,72.79277226163693,5.5885536643789315
124,8.452996662278599,73.53427132380843,5.629733426730733
125,18.290058572749434,45.38683916359005,4.260449389387328
126,14.96848065585207,54.6186728195959,4.668225116850526
127,12.13341558309375,62.63482203764286,5.053831926374113
128,6.432659893279543,79.9823217384429,6.000868301223415
129,10.252085897213142,68.10789743915514,5.335249328812329
130,8.32072958952568,73.94313595423075,5.6525697059439635
131,14.07257328717047,57.1308535218643,4.785794328853742
132,12.328754698673418,62.07515015202166,5.025904546754163
133,12.732300595564654,60.9230930307572,4.968902252176822
134,14.938099895369279,54.70362748602301,4.672153377704603
135,15.909763440619669,51.993054184421645,4.548432711886646
136,7.1682749725877235,77.5792104701607,5.859773756595279
137,17.674425971853353,47.09322686294859,4.33304086100102
138,11.61535120464336,64.12612000029326,5.129007030856959
139,8.007471261568657,74.91793794754625,5.707389631915351
140,13.959488124144864,57.44908780536322,4.800897355761673
141,12.090670455699145,62.75747694662872,5.059973053487227
142,12.853467785220763,60.5782080950064,4.951963866289713
143,7.040979563832703,77.98995669927864,5.883652774003041
144,12.80695020518858,60.71055986504321,4.958457240485728
145,14.641873989994682,55.532781093004246,4.71066701970067
146,11.402437948610997,64.74218060475512,5.160387580413938
147,12.723916285119596,60.9469747177399,4.970077299689095
148,13.257099259091696,59.43248491486317,4.896107221084868
149,17.148251094681942,48.552324056196994,4.396092506981416
150,12.379099338086565,61.93112521326538,5.018742767204285
151,15.923481424627452,51.954870613590806,4.54671347844784
152,11.316175862921552,64.99233948914663,5.173184776508323
153,9.906866675102789,69.13195650534261,5.389619651704581
154,11.770345368649533,63.678842619301676,5.106343499683763
155,11.497088007033675,64.46807253968915,5.146401578931513
156,16.713235741714186,49.759587132903164,4.448954743711037
157,12.501157355867536,61.58230522130596,5.001439616391041
158,15.705603525841775,52.561573668163646,4.57410760404978
159,12.88137091887962,60.49884989043216,4.948074513662835
160,11.345805544564303,64.90637653563861,5.168783657211384
161,12.608417210850233,61.27618794362211,4.986303881196993
162,11.267403902751754,65.13392474071576,5.180441809105925
163,14.302488472490657,56.48468818750457,4.755274097952991
164,15.678331346670209,52.6375542855202,4.577549923633918
165,14.563730182405065,55.751766377435395,4.720891632299354
166,10.467570918997133,67.4722016291272,5.301774629609092
167,5.55798026682208,82.94661267414305,6.179600286593429
168,11.36076161726168,64.86300017350119,5.166564301820313
169,11.28967064375923,65.06927096447006,5.177126680924063
170,6.466790596376976,79.86916105545286,5.994148676611052
171,15.262214002110596,53.79803400157347,4.630448825698909
172,20.439424739059444,39.42242012031582,4.016138991750886
173,16.794508273322727,49.5339529378585,4.439026863802473
174,16.734936174616568,49.69933670363625,4.446301560568075
175,13.396778500404487,59.03706505484769,4.876976199589619
176,16.804695394811315,49.50567378477026,4.437784147486218
177,13.749874239850023,58.03972849355099,4.829054907357896
178,14.829908642576472,55.00628843212767,4.686175152196043
179,4.096133385108591,88.25764123771953,6.513246537948777
180,15.67729240020439,52.64044897851973,4.577681119590393
181,10.320953653140268,67.90444809102657,5.3245130863309
182,10.822670152799397,66.43012857790788,5.24735450255475
183,13.034503703501187,60.06374655797273,4.92680428579925
184,10.478256012194068,67.44074716352678,5.300123753147287
185,8.797949730146172,72.47509316283164,5.571003391577579
186,16.8801340064372,49.29627840192029,4.428593168241086
187,12.864592792699053,60.54656505844281,4.950412671931781
188,11.409865297170096,64.72065677379418,5.159287981643993
189,16.837020615098073,49.415944216859465,4.433843319531156
190,12.554680309204535,61.42950440442752,4.993878762322124
191,13.014101881882842,60.121675187466245,4.929630868792047
192,12.281542567420251,62.21029420125625,5.032634009264197
193,11.19088703505518,65.35627155464199,5.191858873851098
194,14.013054590375692,57.29831073358709,4.793735720062295
195,14.767871562946327,55.179923127400755,4.694238344462762
196,12.921285870139917,60.385370336420515,4.94251817737859
197,17.58640084443005,47.337260434008954,4.343522899659258
198,12.057034468709116,62.85404131311216,5.064813120260364
199,4.954690995315075,85.07528797544862,6.31122367409143
200,10.359003855090963,67.79215573105412,5.318596552787774
201,13.06352650755025,59.981360494300276,4.922787112437424
202,15.559239277167073,52.969452201431395,4.592617035333923
203,17.504841488178904,47.5633875860887,4.353258432200655
204,13.827033419568235,57.822194523856346,4.818665273406784
205,14.544782120624316,55.80488208271308,4.723374993047244
206,15.492922215947493,53.154348477001825,4.601032238476977
207,10.007662052215313,68.83221317607313,5.373648288346941
208,12.150995997915782,62.58439547712758,5.051309314959577
209,9.788710326525747,69.48413717926206,5.408445721442071
210,13.551254210628898,58.600355426811234,4.855934372196502
211,15.028580963937237,54.45065578107216,4.660465816541244
212,8.105359438444351,74.61232477450274,5.690145897557144
213,15.691857030205872,52.59987046108481,4.575842325502714
214,12.274806523834883,62.2295824390389,5.033595196501353
215,11.270662636867224,65.12446126826286,5.179956436119177
216,9.556207590416216,70.17978572451878,5.445825563914769
217,6.2640990837823525,80.54376306483734,6.03431896509744
218,10.384439030871109,67.7171378125605,5.314647623044042
219,13.064809228367245,59.977719840209375,4.922609668456915
220,11.772991929555822,63.67121374194765,5.105957814563998
221,14.380011452190537,56.26705707061864,4.745038638192805
222,17.65061827880932,47.15922742989832,4.335873302730151
223,17.350432356005044,47.991552283404346,4.371752174432358
224,17.9283886267897,46.38925274553679,4.302944398187599
225,7.892795044125043,75.27716602890541,5.72772532536008
226,17.150704967443907,48.54551689903389,4.395796230900345
227,15.362397381787757,53.51842879242053,4.617647764659453
228,15.186312837159607,54.009964372927364,4.640175192381838
229,7.451461821545411,76.67244019324414,5.8074006087275105
230,11.576324955424528,64.23889724740752,5.134737311608252
231,11.296920126211205,65.04822617934663,5.1760480653938945
232,9.609672680929467,70.01950047542664,5.437189987219809
233,9.242715548817104,71.12360104914431,5.496953720484486
234,15.163997460733759,54.07228914131918,4.643039421007341
235,14.551239287203405,55.786780437166534,4.722528525735828
236,18.815534933441082,43.93029684059672,4.199449452945897
237,8.301259177844942,74.00345639024714,5.655946609976629
238,11.139971936545939,65.50437296706401,5.199477543775093
239,6.699148636651996,79.10325908794965,5.948865832665575
240,11.765476572478805,63.69287796405528,5.107053145935224
241,5.740312384766161,82.31773196568369,6.141242290675479
242,17.051758191730983,48.820022947887146,4.407759735239512
243,7.932807268196959,75.15167667627868,5.720613224328217
244,12.49331904020786,61.604690574456015,5.00254824411505
245,20.082914300287946,40.4134674012525,4.055740725719329
246,8.638973178301967,72.96198041096578,5.5979241731396785
247,12.483027958435715,61.63408388293619,5.004004311857748
248,11.143636256061933,65.49371019381418,5.198928653441737
249,10.454048057104647,67.51201880888503,5.303865157630805
250,16.183844424294477,51.230524806628516,4.514222277008969
251,12.586560336852209,61.338536252932414,4.989382926676841
252,9.506513399091308,70.32893992335975,5.453873760077237
253,15.00286687356416,54.522535367773585,4.663783753061422
254,17.72706524670681,46.947302930097656,4.326785041032651
255,12.182998820315676,62.49262957007654,5.046721914308899
256,15.138788152815458,54.14270529308777,4.6462776285949445
257,11.10031601114218,65.61980770532894,5.205423518527839
258,10.957893470833369,66.03500374524711,5.226866287413582
259,15.10093162692199,54.248466348507094,4.651145476072074
260,9.794453038993668,69.4669997214646,5.407528106122446
261,11.483047921024012,64.50870834093442,5.14847257127889
262,10.236391561351137,68.15429979386263,5.33770106158995
263,11.803619705173778,63.58294767750159,5.101497557849202
264,12.525379235977374,61.51314321882983,4.99801594142557
265,9.99597286472873,68.86694218201988,5.3754963433180185
266,18.520748599822458,44.747445687925904,4.233563260020294
267,15.893423712010216,52.03853794240233,4.5504814881458895
268,9.521175995752534,70.28491345587705,5.451496903941971
269,18.727401488727143,44.174620513094304,4.209620412499976
270,12.82460924065717,60.66030856200578,4.9559908349193496
271,12.945785715000598,60.315740151964945,4.939111941236863
272,6.704826203328304,79.08464003090361,5.947769277580697
273,18.537308086074052,44.701546547791516,4.231639767281042
274,11.502852265801984,64.45139167016391,5.14555168423274
275,11.40730340760472,64.72808064063416,5.159667221987185
276,10.878617307711773,66.26653989666336,5.238862294623692
277,15.86204894450896,52.12588182678299,4.554418405344073
278,9.010720863690704,71.82665129814252,5.53535091455534
279,6.9524343113451925,78.27686820057713,5.900390275037534
280,9.61881764214879,69.99210366182514,5.435715319110116
281,16.40209593971116,50.62382795802777,4.487187077665281
282,16.32636347080325,50.83430233441634,4.496547697914072
283,5.241627187168857,84.05318396911747,6.247677172500305
284,15.0562358456849,54.37336256417595,4.656900622531694
285,12.442395237099246,61.75017363152747,5.009759238417253
286,7.681000131846929,75.94415358808594,5.76567546138866
287,13.148323554574992,59.74078859296972,4.911075479256185
288,8.130540140397573,74.53385878647077,5.685726991314293
289,16.62554042358289,50.00310267676507,4.459694315343589
290,13.17695723154623,59.659600005054095,4.907129310247259
291,13.27982935047859,59.36810212919979,4.8929871758123324
292,15.35724649491836,53.53280116934095,4.618304906207874
293,11.442885991693919,64.62499480150309,5.1544036845517525
294,7.088829423342629,77.8353227307767,5.87465162095217
295,5.3038473806441635,83.8339240267777,6.234128860637371
296,3.71451852635269,89.74432958996456,6.609828570874424
297,12.630733360864573,61.21254556496083,4.9831628883346
298,8.7156153747469,72.7269920644165,5.584915085408552
299,13.324921322671205,59.240421042539715,4.886805520404084
300,11.825346367393806,63.520356379986,5.098337058529142
301,16.76742006441532,49.60915223627863,4.442333160891685
302,11.53509748628572,64.35810522951161,5.140801302108129
303,18.217774557557757,45.58718006320237,4.268908689934121
304,9.671496007008855,69.8343963820706,5.427234299870313
305,16.991822078268935,48.9863266807432,4.415023405729709
306,10.521248098237468,67.31425124107622,5.293489848447026
307,10.035638001646491,68.74912942811739,5.369229681835745
308,12.43581101862038,61.76899034492662,5.010692664016425
309,9.254303531330207,71.08858907910616,5.495048514301074
310,15.839980627454459,52.187324068423436,4.557189878713659
311,8.440534309424871,73.57272835173005,5.631877427115961
312,13.323237787206313,59.24518710507695,4.887036128030404
313,12.357165916587828,61.993861081740626,5.0218611136608615
314,11.240500926818257,65.2120703209433,5.184451564384446
315,8.223630144975884,74.24430228806264,5.669449946656087
316,10.570716286583114,67.16882435421282,5.285873395003051
317,7.507656367345849,76.49360583642101,5.79712690737908
318,12.039247483387909,62.90512244132955,5.067375316327788
319,10.044001292285389,68.72430112618436,5.367909954392958
320,10.550886549048242,67.22710413249723,5.288924369517995
321,13.935479645635661,57.5166868187849,4.804111658281564
322,12.310024242620017,62.128756432623724,5.028572780022646
323,8.911382623007274,72.12894894432674,5.55194329296812
324,7.998197360256955,74.9469402232065,5.709028751275384
325,14.065166499991747,57.15168848878223,4.7867816768918185
326,10.521853196805242,67.31247157152607,5.2933965753806955
327,10.21730372330456,68.21075469410768,5.3406854538167305
328,10.932441733782902,66.10930506456917,5.230712880948639
329,10.385561841506178,67.71382705576227,5.314473412971144
330,14.52933379329454,55.84819216916973,4.7254008707368484
331,14.257791659342896,56.61022074076157,4.761188086280581
332,18.579361693952016,44.58498183390563,4.226758823210764
333,9.043129325488511,71.72819430764713,5.5299575636375575
334,14.639965233293642,55.538128754035064,4.710916442644821
335,18.405821955689,45.06598794181751,4.246936503929744
336,13.024051666954675,60.093422398055694,4.9282520931012535
337,8.01279095343036,74.90130549528489,5.706449829244419
338,13.061302458770355,59.98767296434291,4.923094794786743
339,14.993592646384037,54.5484625286941,4.664981121312705
340,11.689197334048902,63.9128943904614,5.118190376872752
341,14.00887927073986,57.310060999707545,4.794293452211886
342,13.070394369340178,59.96186849028634,4.921837154738733
343,15.998817669717596,51.74521008961862,4.537284987387474
344,10.739978438114113,66.6722075946004,5.259946561425867
345,14.149413704977427,56.914774227296625,4.775566550013163
346,13.159656568480804,59.70865194782529,4.909513099218592
347,16.33097767007731,50.82147723675818,4.495976757299335
348,17.35397160770162,47.981737265467835,4.371327355212872
349,9.05908834696447,71.67974036088458,5.527305246740139
350,13.368089659258082,59.11823807825887,4.88089736818826
351,12.226498633450646,62.367956354135025,5.040496143242302
352,10.94308795007676,66.07822167795754,5.22910334377521
353,10.002983774432447,68.84611150905079,5.374387792228466
354,15.818926209262111,52.24594848264126,4.559835820674202
355,9.768631346601667,69.54407374061797,5.411656214929964
356,12.833659844554731,60.63455750076864,4.954727411597134
357,15.728458712913913,52.49790563541101,4.571225102450722
358,16.151559546836772,51.320307048089425,4.518236902640907
359,6.039487735276039,81.29883380512298,6.079600268872782
360,8.589134775971289,73.11505249531731,5.606414624452771
361,15.766341298764438,52.39238901487042,4.566451950398678
362,11.385177004414336,64.79221073461801,5.162944400359757
363,7.719768015719619,75.82171434229636,5.758690142280187
364,13.150043047745973,59.73591245126016,4.910838384979688
365,12.37547731673274,61.9414840842348,5.019257531312165
366,13.375565441906307,59.097083787485495,4.879875178980927
367,12.905173580850626,60.431172338225075,4.944760044344891
368,15.769173778609769,52.38450020827923,4.566095292483589
369,18.91710932641167,43.64868861542041,4.187756855161337
370,15.933320473175234,51.92748517588152,4.545480836271991
371,15.468307933270028,53.222989165337374,4.604160212347106
372,11.421075175013236,64.68817607015627,5.1576290671775
373,18.105552572506713,45.89821292787446,4.282075199404285
374,14.831189872998154,55.00270310164219,4.6860088037958
375,12.700860964450706,61.012656456984516,4.973310462952547
376,19.41936208872552,42.25571815065116,4.130396664508589
377,7.545748437326954,76.37258189538939,5.7901846205509635
378,12.56390792609884,61.40317039741161,4.992576864346645
379,18.147783279525875,45.781166504529644,4.277115681744662
380,13.00006957533093,60.161525375619014,4.931576269558279
381,8.888381615545656,72.19905417873233,5.5557982969117345
382,18.0314439955095,46.103614176558,4.290792412797619
383,19.774359236687097,41.27045498011295,4.0903002010043945
384,13.884243353227792,57.66099284617527,4.810980547009778
385,16.014315565715435,51.7020868189736,4.5353481477428925
386,4.0559169078778625,88.41197073236165,6.523206482578128
387,15.042719337437623,54.411138653802084,4.658642725483815
388,13.134932485877982,59.778765866584486,4.912922452786185
389,17.27370783203024,48.20433593241562,4.380972154296676
390,15.388072420901894,53.44679386052419,4.614373827974649
391,17.6513260358206,47.157265340104864,4.335789072134917
392,14.946861982970072,54.679124263324006,4.671020021974876
393,19.119076789428384,43.088656575772156,4.164600539502735
394,14.583307161488376,55.69689462826301,4.718327540942334
395,15.59383624615514,52.8730157729346,4.58823402335671
396,9.051609922382923,71.70244353837897,5.5285478358184985
397,10.21243280706842,68.22516448490926,5.341447470155779
398,8.46493758501371,73.49743621255946,5.627680614384278
399,12.121527003094663,62.66892892779419,5.055538853084004
400,3.5703601262855953,90.31980713950495,6.6475975334848645
401,14.402581258216303,56.20371887384878,4.742063905776897
402,13.381044543658097,59.08158046368669,4.879126184140393
403,16.108662559821727,51.43961627994567,4.523577357039244
404,12.403543969119402,61.86122613678866,5.015270647189296
405,16.91085580427803,49.21101353674781,4.4248560983737795
406,7.622204928832015,76.13015135411658,5.776303093170907
407,14.999141797157051,54.53294908069963,4.664264642259753
408,9.667077240267199,69.84761811081145,5.427944815877724
409,11.323901938326058,64.96992047165901,5.172036609685462
410,17.858285545666664,46.58356467056984,4.311230717162612
411,13.310747488437036,59.2805493279872,4.888747481671977
412,5.670573687707854,82.55753277746388,6.155840553364952
413,7.24496075254265,77.33272519075489,5.845490717227002
414,13.455938487349059,58.869744367231206,4.86890349207234
415,13.181908030129827,59.645564729178645,4.90644744758934
416,10.694379829465863,66.8058469233476,5.266910927581322
417,12.896114070519515,60.456929014424944,4.9460212010207325
418,15.377360887027264,53.4766786018869,4.615739370270024
419,10.462455875052427,67.48726136015365,5.3025652162699615
420,13.846282462228315,57.76794763923917,4.816077873469953
421,4.946240541232154,85.1056736953958,6.3131226832500245
422,10.690901286334393,66.81604617684793,5.267442821364767
423,12.619029919123127,61.24592004359898,4.984809798673614
424,8.294196688723197,74.0253449518195,5.657172490684759
425,7.862069399167243,75.37364010733604,5.733198998766344
426,11.738666495883038,63.77018084922168,5.110963453485991
427,13.343836318581026,59.18687821311392,4.884215579296143
428,6.267543680900631,80.53224611940328,6.033630915987882
429,13.319282787517013,59.256383947162874,4.887577934020461
430,8.43537275326372,73.58866019509495,5.632765875295583
431,5.306881223982031,83.82325378909644,6.233470285161744
432,5.179218326065159,84.27393859749913,6.261347588407139
433,9.467349505765497,70.44660741605578,5.460231360271677
434,11.446111016785453,64.61565435265304,5.153927028929525
435,10.999725027565916,65.9129534117377,5.220553856929613
436,16.314387640825913,50.86758983285768,4.498029910713168
437,16.052524284076444,51.59578058159614,4.530577037318165
438,6.659959027282266,79.23189975259379,5.956447551574026
439,13.146146952952508,59.74696112326553,4.9113756246868725
440,15.238143018136727,53.865235694421436,4.633530781585795
441,9.87322264453677,69.23214708401852,5.394968731220727
442,9.894345943149226,69.16923444966841,5.391609265797592
443,10.703630894050942,66.7787254215492,5.26549679533735
444,17.86326840895176,46.5697529238197,4.310641196810127
445,17.109618108448064,48.65949752508249,4.400759779686227
446,8.433267831438494,73.59515799951319,5.633128269239755
447,13.43813165991091,58.920097356114105,4.871331462033737
448,9.771031804684817,69.53690690941042,5.411272224329649
449,9.694761286419242,69.7648038047194,5.423496031256405
450,7.797285118542318,75.57737007381608,5.74477526866677
451,13.175916182608132,59.662551416013976,4.90727270793874
452,7.794473085838657,75.58622300567642,5.745278836320225
453,13.362412917543768,59.13430259762835,4.881673759339961
454,19.63488182427297,41.65764486659651,4.106010719858201
455,10.481045627795542,67.43253620271653,5.299692888399804
456,9.615199574454067,70.00294213381758,5.436298665738648
457,9.154542834408742,71.39032966651482,5.511489686736434
458,11.640699090912172,64.05290428339205,5.1252903194760435
459,9.476416864056555,70.4193552174031,5.458758258923245
460,10.075542362414996,68.63070241525473,5.362937709657038
461,3.2358924522842125,91.68825277394218,6.73827854070221
462,12.505396938814517,61.57019830369992,5.000840127398044
463,3.954453096292611,88.8037093132397,6.5485565195512345
464,6.427363453171274,79.99989764311869,6.001912656339364
465,10.962189904243242,66.02246428245022,5.226217396058172
466,12.351600853773897,62.0097814088975,5.022652756960967
467,13.223835984963102,59.52672837879234,4.9006779285149555
468,14.082926343158784,57.10173281563498,4.784414669235641
469,9.074143107406831,71.63404969990019,5.52480535451226
470,13.299141954534798,59.31341039932438,4.890338329363137
471,10.776029703916556,66.56662511819935,5.254450838582993
472,13.577482303213467,58.52626794755183,4.852373659138762
473,15.239456956915454,53.861567207638345,4.633362487152762
474,9.241328065871398,71.12779385200093,5.497181919708804
475,9.981265969440964,68.91064879300845,5.377823032127143
476,14.928639332274281,54.7300853930768,4.673377452876234
477,15.615197012653434,52.813481712322876,4.585530303427721
478,14.014855230949108,57.29324345409407,4.793495219177528
479,11.129489776497577,65.53487838787895,5.201048199280418
480,13.497304909735025,58.75280272723488,4.863269352834378
481,16.141546460822678,51.34815482603058,4.519482845269818
482,19.14138654690329,43.02678576690911,4.162050160305671
483,15.330898834298969,53.60632404273568,4.6216680217016854
484,15.6409652737584,52.74167111940454,4.58227116861717
485,16.60041475434105,50.07288255109051,4.462776537472382
486,11.733038120113111,63.786413127273356,5.111784931178438
487,19.69752053223885,41.48377362555471,4.098948313632797
488,13.558262140645157,58.58055817053054,4.85498264193792
489,13.52427748709623,58.67657568992625,4.859600315637423
490,16.08809172075721,51.49683620826583,4.526140843241661
491,12.950948118129164,60.301070545395014,4.938394618786999
492,21.233665472593934,37.21040156139112,3.929137033585124
493,13.633271191836585,58.36873607381343,4.844811206702061
494,10.152428050534779,68.40279226534743,5.350849690566247
495,6.615435291092182,79.3783104244417,5.965088342534741
496,5.701908965363164,82.44967357488035,6.149270160774881
497,17.39865399532841,47.85782848880569,4.365967813530159
498,11.635041823128185,64.06924261701927,5.1261194826103536
499,12.76976186453247,60.816416175667776,4.9636568359985365
500,17.301579668244038,48.12703499083295,4.377620434390761
501,8.996094923523604,71.87111145529687,5.537788110066613
502,8.305313652230048,73.99089254312024,5.655243084937191
503,13.909984824635057,57.58848504072038,4.807527988021307
504,13.664148229718368,58.28158117785535,4.840632326647228
505,7.472755418724134,76.60463331842179,5.8035030886086565
506,15.689355157013775,52.60684074992467,4.576158127911612
507,14.653053420400862,55.50146159624422,4.709206496454607
508,13.955270270193303,57.46096278917625,4.801461850118136
509,15.970988015440971,51.82265299913846,4.540765336869823
510,9.816688390339174,69.40066470651138,5.403977703282085
511,9.77896317729276,69.51322956807779,5.410003813214691
512,12.455184373615856,61.71362839620713,5.007946865036428
513,13.1336807055061,59.7823161939382,4.9130951536727325
514,6.354819330420482,80.24105448690727,6.016260494598031
515,8.970285197065722,71.94960871306911,5.542093755111549
516,12.20663423901659,62.42488049513216,5.043337794577321
517,8.252198812688853,74.15560248566985,5.6644731314444545
518,11.740932910793708,63.76364485393517,5.110632719305878
519,10.278534056901968,68.02973210024584,5.3311219006911745
520,8.730936892901925,72.6800742574899,5.582321311983928
521,8.285048081233002,74.05370576105605,5.658761248288694
522,17.33560797571674,48.03266362456833,4.373532027687038
523,15.835639254236826,52.19941188400302,4.5577353219548264
524,12.464832535569562,61.68606223094225,5.00658022094243
525,10.413426980079974,67.631685500557,5.31015300064943
526,12.696534690848274,61.024983351873914,4.973917484899089
527,9.783536453152545,69.49957891651327,5.409272673743015
528,14.198953898040493,56.775530819936165,4.768987262962903
529,13.722949627058323,58.115669931777795,4.832687217051644
530,5.7418338979599,82.31251010168397,6.140924786684957
531,10.740115379075139,66.6718064128296,5.259925668450772
532,14.181424549713562,56.82479496984131,4.771313969996379
533,12.463906308348546,61.688708456708454,5.006711396339858
534,15.509999831480988,53.106729571470055,4.598863481263781
535,11.673401822844594,63.95848391386005,5.1205011543935965
536,12.870682259178581,60.52924628836232,4.949563882737067
537,8.854601887669865,72.3020883743991,5.561468883954581
538,17.149276314509954,48.54948004528184,4.3959687212482565
539,14.394985942497716,56.225032683523246,4.743064718774379
540,10.175380034733777,68.33482422082288,5.347250042588273
541,7.36288309164816,76.95506285430177,5.823673891307772
542,8.392397479252322,73.72140116198679,5.640173700461959
543,11.604482020151885,64.15752313399217,5.130602000517929
544,16.04183143903819,51.625529271462646,4.531911676745017
545,9.905190903073612,69.13694520868852,5.389885868314699
546,17.85369689413096,46.596283755424494,4.311773671243668
547,16.828586330633126,49.439355796737374,4.434871193874301
548,14.56113618325403,55.75903755199736,4.721231510148732
549,5.664812610730604,82.57738283936676,6.157050512023691
550,10.787978789473048,66.53164476519868,5.2526313265064175
551,13.131271516652085,59.789149313938,4.913427558667032
552,10.090809384077824,68.5854187405223,5.360533758242087
553,11.419997108827108,64.69129953582122,5.157788571399338
554,9.068954719564251,71.64979432265946,5.525666668932898
555,14.212206144791999,56.73829119336399,4.767229217732066
556,11.125712099689565,65.54587353109072,5.201614430791752
557,10.163149108627088,68.37103998129335,5.349167759919347
558,18.51693388759063,44.75801915628056,4.23400648566715
559,15.646461232942196,52.7263561160822,4.581576394579512
560,8.373368568625382,73.78022992354859,5.643459849813012
561,13.545816224818083,58.61571847663089,4.856673061659855
562,17.19429991298259,48.424587128409925,4.390536186163284
563,17.060624444132433,48.795423496784764,4.406686316756449
564,11.419625331427913,64.69237669292353,5.1578435791044654
565,13.142221960430533,59.75809217774314,4.911916929659454
566,14.756564797934843,55.21157655540349,4.695709750618921
567,17.14838838802457,48.55194319733382,4.396075929876093
568,19.301734053304354,42.58204315987462,4.143763312934984
569,18.61947143556506,44.47380272545979,4.222108637780869
570,19.501815820132165,42.02693503532701,4.121051163850606
571,11.527185545971106,64.38099061402966,5.141966277796094
572,12.244858856275966,62.315355218227566,5.037871719550752
573,16.242319661414168,51.06793349429504,4.5069610605688855
574,11.549807425035043,64.31556362564827,5.138636432001411
575,13.849664171299404,57.758418328272995,4.815623499819204
576,11.59928758500941,64.17253258604912,5.13136450791414
577,16.38614089789263,50.6681659273635,4.4891573394332065
578,13.291587627627333,59.334802435734275,4.891374224166669
579,18.608948891268778,44.50297012590336,4.22332810032319
580,14.43965590628047,56.099696860848006,4.737182469130924
581,11.703234272739689,63.872389099071135,5.116138176602026
582,14.859459271486603,54.9236024430583,4.682340276349233
583,11.758311737574742,63.71353386534986,5.108097715970757
584,9.335048860270783,70.8448950000669,5.481805973966799
585,16.489351251433042,50.38138805604398,4.476428972946066
586,8.16173458556574,74.43673720006446,5.680262224885114
587,1.7498883338279871,98.58263433053182,7.214303744358654
588,10.466995545036374,67.47389557562464,5.301863550380153
589,11.728027470055311,63.800864960446525,5.11251641581768
590,8.648289231715287,72.93339070402527,5.596339813116685
591,17.06696576902055,48.77782971265907,4.4059187569997125
592,13.824033999496091,57.83064814508543,4.819068608811239
593,9.720962424756632,69.68647185846334,5.419291394626022
594,11.487360160995133,64.49622665142579,5.147836356769182
595,8.539812287980494,73.26674882440958,5.614841471173145
596,12.046225835788382,62.885080411578194,5.06636986671499
597,7.535885377827011,76.4039027860942,5.791980480572498
598,14.398399434798174,56.215453676688334,4.742614900012825
599,16.63842139693047,49.967330950940756,4.458115080544933
600,13.964548113762826,57.43484239011858,4.800220267112547
601,14.088400629666864,57.08633587134065,4.783685364765637
602,11.832278275285793,63.50039052203518,5.097329309886755
603,16.06732671159189,51.55460046392581,4.528730189137827
604,15.78768063633443,52.33295858820627,4.563765748825681
605,10.750595162681213,66.64110773229443,5.2583271710189825
606,8.704565520815317,72.76084117436798,5.586787125868728
607,13.043093618990476,60.03936010681637,4.925614852448162
608,14.47189419862291,56.009265913556675,4.732942903036067
609,17.015965438621894,48.919334217858534,4.412095928290688
610,18.091955021357464,45.93590000290181,4.283673308329686
611,17.762937938521354,46.847861848988636,4.322527135665222
612,13.191043990105886,59.619666520487414,4.905189507885958
613,17.26442763615189,48.23007472955071,4.382088741650451
614,10.702513232945075,66.78200185155356,5.265667610302878
615,15.880806647053783,52.07366116333007,4.5520642144849806
616,16.458137488972795,50.468108846529674,4.480274182500853
617,15.452412402386772,53.2673205078937,4.606181533180902
618,14.811168821877175,55.0587321607468,4.688609056294294
619,12.40550637735461,61.85561554913357,5.014992054773067
620,12.30742748652791,62.13618928089488,5.028942859169661
621,11.772141187516656,63.67366602840691,5.106081789051326
622,8.870767134027421,72.25277012836469,5.558753884590426
623,14.539221204612227,55.82047185160116,4.724104121837761
624,9.670558983036027,69.83720001513103,5.427384955164374
625,13.45337803087469,58.876984152890834,4.869252512677113
626,9.519598101750171,70.28965059289928,5.451752597936372
627,18.345563541883294,45.23300178380405,4.2539650579231925
628,13.13499838338199,59.77857896784646,4.912913361517306
629,16.47989093366604,50.40767072205033,4.477594000638641
630,7.732075990204118,75.78287582623294,5.756476122654231
631,13.254651097371337,59.43942015411516,4.89644342742946
632,13.082759992081806,59.926776455881615,4.9201273797160665
633,10.406224637776551,67.65291260410817,5.311269149297985
634,15.715410869416333,52.53425245171912,4.572870442834392
635,15.025005915181893,54.4606486312967,4.660926941697882
636,9.016318458811856,71.80964001490841,5.534418681953868
637,7.643005860086575,76.06430534789754,5.772538513619776
638,16.990172769259846,48.99090326142052,4.415223466804984
639,14.13234805872852,56.96275285770496,4.7778356546908975
640,13.928748079124537,57.53564275185903,4.805013390612221
641,14.692713659084593,55.39037026974885,4.70402962129863
642,10.782250892569213,66.54841199121418,5.253503399452435
643,7.990378310836943,74.97139933268923,5.710411470766757
644,10.262413737369874,68.07736958025457,5.333636961224166
645,12.977992040595801,60.22423483199197,4.934639165531135
646,11.668124689241774,63.97371723580451,5.121273512069244
647,18.361026706089223,45.19014387728849,4.252160331580209
648,12.37224022762826,61.95074244438642,5.019717652340572
649,15.088955209479526,54.281929797162455,4.652686754831026
650,11.960099445558258,63.132566839328874,5.078799522530745
651,15.756304314753143,52.42034400143921,4.56771603723918
652,14.385663806073596,56.25119379800464,4.744293430959001
653,16.08376062667517,51.50888412602345,4.526680782104467
654,12.234929380631613,62.34380117902732,5.039290801571313
655,13.67475974630846,58.251634024460564,4.839197260610785
656,8.021744127800156,74.873318942035,5.704868821942246
657,12.8820071040046,60.497040817224594,4.947985886446348
658,9.080065239654505,71.61608096608062,5.523822533457477
659,9.4239913226734,70.57700061145853,5.467285189988988
660,15.257688263305175,53.810668384660154,4.631028098210061
661,9.809191601835265,69.42302643895411,5.405174294192544
662,7.004585781146621,78.10776177115203,5.8905193930185495
663,9.856030215031135,69.28337294649181,5.397705681930405
664,15.082339362620663,54.30041615220537,4.653538429001213
665,10.037718074985479,68.7429538684144,5.368901394857815
666,17.938511099783856,46.361195781608245,4.301749241863232
667,13.778668667395626,57.958532296975406,4.825174280384157
668,15.94458400807738,51.89613616980676,4.544070200685919
669,15.72314190737611,52.51271619019897,4.571895472193103
670,14.021344496753448,57.274982253307364,4.79262861456556
671,16.608522469861875,50.05036502562457,4.461781691104303
672,11.20262678830602,65.32214010470507,5.190104658676911
673,16.623758057806903,50.00805257458065,4.45991288536433
674,17.02270841939964,48.90062449897175,4.4112786864184015
675,18.72899119939694,44.170213665528664,4.209436741700378
676,12.898769829263122,60.449378292650344,4.945651452168976
677,14.445713227128001,56.08270408159421,4.736385527302563
678,6.580852465587842,79.49222505794886,5.971819968234157
679,14.73618237060786,55.268642991228155,4.698363643055509
680,17.385724260415177,47.89368320285874,4.3675179948819345
681,15.16574200301643,54.06741653144235,4.642815429185318
682,12.671899760176297,61.095187280613,4.977375999109413
683,11.567023182419907,64.26578676334461,5.136104529250507
684,13.332704049363207,59.21838925469239,4.88573964594379
685,10.728883894370243,66.70471333790543,5.261639690034282
686,12.835989753897879,60.62792877711156,4.954402238913411
687,6.488415320716967,79.79755308212502,5.98990039230343
688,8.510274337625221,73.35769627970473,5.619899743724397
689,10.693749035354111,66.8076963949211,5.267007374029121
690,9.969880664160513,68.94449327488502,5.379625409678732
691,13.37413273452369,59.10113781789734,4.880071055806912
692,12.546095734224844,61.45400580626356,4.995090365021712
693,18.85529888269366,43.82005715567201,4.194868329898034
694,17.5324997231418,47.48670165189505,4.349954402623122
695,16.193792882725134,51.2028607331282,4.512985993090526
696,8.866778727532159,72.26493634161727,5.559423518833527
697,9.115647777241119,71.50817356792251,5.517924087736296
698,13.34237780858593,59.19100648794958,4.884415220844188
699,16.47466069400781,50.422201682129376,4.478238242423662
700,10.07742931674785,68.62510474255983,5.362640490467871
701,9.678264568331375,69.81414615401977,5.4261462630842425
702,11.245795021315,65.19668985995399,5.183662126919826
703,12.974295001572864,60.23473737846568,4.9351523236683
704,12.972660012823248,60.239382182517915,4.935379287456506
705,10.786013572154236,66.53739734181337,5.252930504968297
706,12.013587060302628,62.9788356906883,5.07107500981209
707,12.808092633563417,60.70730863101529,4.958297628154676
708,13.38405347741356,59.07306691080967,4.878714927228423
709,9.505290008522328,70.33261398862427,5.454072158617847
710,5.637347367779688,82.67210095351932,6.162827321476445
711,11.997879732227945,63.02396953162184,5.073341626045688
712,14.689360517265518,55.399761593971185,4.704467038340767
713,18.852598370293574,43.82754405449551,4.195179297411308
714,14.191379264876964,56.7968176410663,4.7699924835315946
715,15.31439031002382,53.65239582142512,4.623776705246038
716,14.735311243047276,55.27108212256369,4.698477109039331
717,8.590659786473163,73.1103654938274,5.606154459462706
718,10.84470501796129,66.3656802243278,5.244007220540275
719,14.366928202012947,56.30377748057523,4.7467640980139
720,14.208478859293452,56.74876472656495,4.767723597161703
721,14.080641054830217,57.10816059428265,4.784719165642174
722,17.35469246172598,47.97973820596375,4.371240835836478
723,17.300089267744323,48.13116845189136,4.377799593735962
724,13.926129935730156,57.543015658267244,4.805364164940109
725,9.279900698597704,71.01128434776535,5.490844249710969
726,16.520492090753155,50.294877462746754,4.472596371734841
727,15.69802870770407,52.58267631351352,4.575063404596008
728,19.05583552849154,43.2640315274601,4.171838174004211
729,11.756911907044891,63.71756975614917,5.10830183613387
730,13.225548046695069,59.52187692070535,4.900442533836146
731,12.921722222578913,60.38413003670701,4.942457482663349
732,10.724166683238376,66.71853614798816,5.262359844720682
733,9.359501010878313,70.77118934332344,5.47780703615137
734,10.998495970204551,65.91653817483761,5.220739151790449
735,9.700946458760729,69.74630831613241,5.422502951801725
736,12.019921280775762,62.96063742254915,5.070161381403127
737,14.375379530804524,56.280056976731224,4.745649420636062
738,15.101208965958579,54.247691458146,4.6511097917753235
739,8.21603280394996,74.267903259881,5.670774898763873
740,16.153765910833794,51.31417097290921,4.517962413540263
741,13.172981180188046,59.670872416244336,4.90767701585392
742,6.957088233157588,78.26176318805008,5.899507910633673
743,14.10589460919637,57.03713672645218,4.781355702230915
744,16.80805518444095,49.49634725002467,4.437374372861199
745,11.975470597969752,63.08837675060035,5.0765779036081025
746,9.866904660105865,69.25096972495399,5.3959742462921785
747,11.87966274577045,63.363960588584575,5.090448529484311
748,12.121024578826809,62.6703704364965,5.055611008086547
749,10.194645033257771,68.27779837592992,5.3442317714624945
750,14.01812126891173,57.284052502893445,4.793059033275271
751,11.948213192871751,63.1667444998408,5.080518441922369
752,10.24299941720923,68.13476107052837,5.336668568746759
753,15.978176952990035,51.80264722845778,4.5398660050496815
754,19.853897557264876,41.04960361833459,4.081365929351959
755,6.075049655959642,81.17873967428841,6.0723756114009
756,17.422032050397778,47.79300163350617,4.363166415994715
757,16.746409052865825,49.66748395722897,4.4448995349670595
758,16.132574703684806,51.37310733876365,4.520599542149681
759,10.45549254664193,67.50776512509604,5.30364178644109
760,14.660677088997872,55.48010495146289,4.7082108309305015
761,16.450678272904568,50.48883383451287,4.481193619688279
762,11.113891438431818,65.58028256706127,5.203386837026579
763,4.758539040453933,85.78502740899911,6.355729610994316
764,13.486353002591413,58.78375915546553,4.864760169890756
765,13.18537817520152,59.63572744336578,4.905969588426856
766,10.475195135669026,67.4497570438956,5.300596580978825
767,15.543164711501435,53.01426396939092,4.594655143761235
768,17.88385993867289,46.51267669681111,4.308205893542849
769,15.176669311712091,54.03689693792908,4.641412702123455
770,9.619080093330577,69.99131748345806,5.435673007969904
771,18.88087597732036,43.74914629000208,4.191924197750014
772,16.859138188200927,49.35455313131415,4.43114910422675
773,15.396054762714229,53.42452446748528,4.613356521275778
774,16.757424061527157,49.636903232524986,4.4435539144427825
775,11.919235772968644,63.25008880615765,5.084712571027567
776,14.499837517466691,55.93089870157588,4.7292719755014545
777,15.354201860842842,53.54129669906141,4.618693387363741
778,16.64216468304958,49.95693569965994,4.4576562603302365
779,12.197099867404871,62.45220759259311,5.044702531505533
780,11.571424831621895,64.2530620444689,5.1354574859887006
781,10.46104902400087,67.4914036678307,5.3027826945574015
782,11.60223735626239,64.16400900863447,5.130931480813842
783,14.157813750984285,56.89116046188227,4.774450154700584
784,9.771632959367738,69.53511215431224,5.411176067674968
785,17.44257618636048,47.73603473514312,4.36070615882082
786,17.507120189993454,47.557069510960034,4.352986121769157
787,11.873829488727502,63.38075101048565,5.091294845160324
788,10.937367925925855,66.09492154176323,5.229968022324464
789,10.765389649568158,66.5977794730336,5.256071871015625
790,14.01957450992236,57.27996301547866,4.792864966366605
791,9.956893067518374,68.98311055048084,5.381682698767506
792,11.431511084996034,64.65794288336673,5.1560854213641445
793,8.888777108475503,72.19784839325968,5.555731969576221
794,18.128022373084875,45.83593565021597,4.279435656969211
795,14.02982778254712,57.25111114868514,4.791496022284105
796,17.020259590122034,48.9074192269174,4.411575463119528
797,16.227595292481976,51.108871876554346,4.508788239708269
798,18.89784381040021,43.7021030886269,4.189972161951863
799,15.76779700970875,52.388334668359214,4.566268647359626
800,16.830790281634474,49.4332381074035,4.434602576621496
801,11.933610991281332,63.20873902406299,5.082631296534829
802,12.84905966994871,60.59074721268951,4.952578689183483
803,11.063170961311213,65.7280008456283,5.211002655907736
804,8.492820358520152,73.41147280122185,5.6228928044228885
805,9.696485554653323,69.75964748194322,5.4232191542042
806,17.618743671117965,47.24759356998931,4.339668471496906
807,15.336234269395264,53.5914347902584,4.620986753284577
808,16.015318912892567,51.6992950659861,4.5352227873790065
809,17.18822036530486,48.44145091021439,4.391269327013183
810,12.7137153476492,60.97603384132494,4.971507466710705
811,14.567513851558449,55.74116069092138,4.720395932615639
812,9.004214058320006,71.84642874247484,5.536434932513507
813,12.437071055433872,61.765389233737245,5.0105140131278505
814,9.949689088722097,69.00453532730668,5.382824417389975
815,12.468356316223153,61.67599507501666,5.00608121587396
816,11.792934645385388,63.61373664805447,5.103052942019562
817,16.300861496719666,50.905188016825434,4.499704655641943
818,14.01214511722247,57.30087015801888,4.793857198871983
819,12.873076733251791,60.52243658425492,4.949230180466941
820,12.515804383748366,61.54048045627524,4.99936891608901
821,10.96839815511708,66.00434662765028,5.225279987042223
822,11.240663902022533,65.21159682452124,5.184427259300168
823,18.525201017288353,44.735104630657425,4.233045998091611
824,12.158334816799886,62.563348616022395,5.050256808729969
825,10.601050399906446,67.07971279165349,5.281211764264659
826,5.718909386235166,82.39123230762362,6.145713059882465
827,13.629585032928365,58.379142354175585,4.8453104053265585
828,14.436284029731404,56.109156390140264,4.737626168288245
829,14.828444409444893,55.01038590195156,4.6863652695304285
830,10.136897861702243,68.44879966261757,5.353287658343125
831,11.455629176185932,64.58809010692606,5.152520645491375
832,15.262975269971413,53.79590881937895,4.630351395561598
833,16.569961940581845,50.1574633233661,4.4665153808495495
834,11.312878957836455,65.00190704603456,5.173674846646847
835,12.074339305227195,62.804356201117315,5.06232219034973
836,16.39368262352728,50.64720772478908,4.488225904700811
837,15.397169220678201,53.42141538564777,4.61321451056085
838,12.657520762850917,61.136173116668346,4.979396229944165
839,9.702607051833414,69.74134308076862,5.422236384062861
840,18.56211130650778,44.63279697112999,4.2287603172724175
841,9.991241818673835,68.88100067018524,5.376244626599892
842,10.615558641962194,67.03710969009063,5.278984550851462
843,15.311841364754038,53.65950972472834,4.624102390976845
844,11.926474352265469,63.229266302545426,5.083664397436447
845,9.480262474756378,70.40779884449745,5.458133706079776
846,17.35981629709321,47.965528933349,4.370625907284445
847,18.786447473951945,44.01093508966004,4.2028036259185475
848,12.271985722970713,62.23766010292003,5.033997783789191
849,11.631898970063668,64.07831983095416,5.126580205127249
850,13.067694034084024,59.96953227743915,4.922210633386922
851,11.581685202503873,64.22340352937988,5.1339496871500305
852,12.886816200624553,60.48336593688564,4.947315999966113
853,5.661997202520316,82.58708571288696,6.1576420363016355
854,9.350125081484702,70.79944599393329,5.479339770146257
855,10.774681342006776,66.57057283717478,5.254656219777765
856,9.66472000443417,69.85467190373544,5.4283239142515765
857,10.681704566665461,66.84301442799855,5.268849481638708
858,12.705683045504127,60.99891755408571,4.972633995799352
859,17.426739118657633,47.7799492621034,4.362602594322737
860,18.457057819277825,44.9239790876912,4.240969387142868
861,10.348355249900829,67.82357326997524,5.320251237994939
862,18.904769090522358,43.68290257017946,4.189175706591765
863,16.398929611987445,50.63262679832275,4.487578006004917
864,11.167715420300398,65.42365801439264,5.195323999864349
865,13.879599331589215,57.67407559778519,4.811603764238558
866,15.494556304426961,53.149791851407855,4.60082466710727
867,12.044047871132758,62.89133539260674,5.066683639276481
868,13.981891032654051,57.38602111207501,4.797900502193488
869,10.96770994760911,66.00635494393256,5.22538388921263
870,10.70156701589454,66.78477574296147,5.265812230012976
871,19.33354705678981,42.49379334004558,4.1401442371811825
872,12.805941738770166,60.7134298906091,4.958598142478231
873,10.57079706761011,67.16858698113347,5.285860972007306
874,9.197718744363362,71.25964780462994,5.5043630929212854
875,5.09500272457825,84.57317663615977,6.279925921785044
876,13.208196446910891,59.57104979017814,4.9028289446247335
877,13.83087230534909,57.8113752422866,4.8181491179204725
878,11.579238983880824,64.23047413952798,5.1343091072233245
879,14.703449428750975,55.36030335695571,4.702629476760571
880,12.86816525715083,60.536404640672146,4.949914694397014
881,6.258655097457377,80.56196871022406,6.0354067727514185
882,14.109640140978884,57.02660384218429,4.780857099851222
883,13.750441955432697,58.0381274260357,4.828978357044427
884,10.353177845019275,67.80934394240295,5.31950175022114
885,11.242350227726753,65.20669756644467,5.184175781764618
886,9.390638384373718,70.67739402457535,5.472722341499785
887,13.637133643537881,58.35783246579414,4.844288205999319
888,15.601230339410222,52.85240723935838,4.587297913171869
889,8.881005035767327,72.22154629820143,5.5570356790324995
890,13.098963701740512,59.88079907459758,4.917888141186998
891,11.85489059400127,63.435273842725664,5.094044020946554
892,8.958607996188697,71.9851405898157,5.5440438109012895
893,9.759024788695195,69.57275889960671,5.4131934056740665
894,10.160773608325375,68.37807485582202,5.3495403543211895
895,11.087188717064851,65.65803636880554,5.207394152675578
896,12.425213392344808,61.79927987858621,5.012195577919867
897,11.799172529910349,63.59576164736977,5.102144830947915
898,7.833055276542285,75.46482870450235,5.738377597311012
899,10.11756044607982,68.506105748674,5.356325905967298
900,18.662365411945668,44.354903149083654,4.217141196620673
901,13.837493135378898,57.79271630328542,4.817259085774862
902,10.602254888026422,67.07617541636996,5.281026800890229
903,16.865191632024562,49.33775128572054,4.430412022140512
904,14.66679399883365,55.4629700312445,4.707412138118651
905,19.310961065255263,42.55644772625258,4.142713332926001
906,12.76864054444962,60.819608672691004,4.963813734118538
907,8.31340703407229,73.96581758264074,5.653839249337512
908,14.593085162008386,55.66949078509674,4.717047513533319
909,19.41122435368855,42.278296003841035,4.1313200893956665
910,13.991305553248619,57.35952151454963,4.796641831357739
911,8.081716920448708,74.68605305186819,5.694301123449939
912,13.908495819726943,57.59267881415509,4.807727612791112
913,11.252869920336186,65.17613778135062,5.182607431939319
914,2.668214738687786,94.13737007219312,6.90367010197148
915,9.333260695488281,70.85028670559677,5.482098618249
916,12.901917875226475,60.44042819988218,4.945213213771654
917,12.66902180001453,61.103390075783715,4.977780257067911
918,11.116952106258722,65.57137256824511,5.202927825881691
919,16.272397480921388,50.984313767744446,4.503231210218316
920,7.71825519227264,75.82648924802442,5.758962398245925
921,16.465362597765985,50.44803473486719,4.479383800450284
922,14.43428446861138,56.114766101842406,4.737889311407336
923,12.899332208513455,60.447779391120534,4.945573159623615
924,8.79948393091628,72.47040459113177,5.570744783235146
925,3.333219689373818,91.28496304231723,6.711426457966583
926,6.2493780024386565,80.59300363005526,6.03726159597926
927,15.299603016537016,53.693667249955624,4.625666495982249
928,13.79747103840607,57.905522853656336,4.822642471554827
929,15.044038145249807,54.40745270996356,4.658472713779644
930,6.744207212828369,78.95561576236335,5.940176043714681
931,5.765319942052234,82.23195892156575,6.136029127904465
932,12.118065189953349,62.67886142696794,5.056036047189256
933,18.7421159365002,44.13383029188501,4.207920643405711
934,17.006150763285127,48.94656738543418,4.413285745600528
935,12.05991940384731,62.845757398984624,5.064397726632698
936,7.5560784713224445,76.3397896241851,5.78830499199564
937,10.704913996452174,66.77496407929412,5.265300706557056
938,13.810779221749355,57.868008168241005,4.820851517895622
939,8.848043842370153,72.32210215640295,5.5625710330098865
940,14.068891720130104,57.141209459895855,4.786285060838423
941,15.242972804219475,53.85175116543998,4.632912199314777
942,6.598243869156846,79.43491711955991,5.968432486879265
943,14.366934765830605,56.30375905723953,4.74676323216023
944,16.68786625602591,49.83002857338205,4.45205870501616
945,10.497460716056638,67.38422859820605,5.297158687878792
946,12.928407454793229,60.36512846941503,4.941527724200641
947,7.787167606634622,75.60922618873927,5.746587497230432
948,7.220390831542732,77.41162122709717,5.8500586996275645
949,13.496533526775275,58.754983001273466,4.863374336738923
950,20.85046020172641,38.27844210629315,3.970906778497129
951,22.475482032521807,33.736872786137006,3.796305828250076
952,13.252711069063968,59.444916051685624,4.896709873802839
953,18.756964712115664,44.09266722977783,4.20620603343451
954,14.089203872764783,57.08407672900756,4.783578365703734
955,12.041143501044484,62.899676842768656,5.0671021069433415
956,17.704216919115222,47.01064115371771,4.329499267038866
957,18.611722399521838,44.495282266282956,4.223006643710382
958,5.044729047406536,84.75256524860144,6.2910897656876505
959,13.814834870369745,57.85657644899909,4.8203058990607675
960,12.537734197113442,61.477872975671104,4.996270887350981
961,15.369404302857825,53.49887815938695,4.6167540102048905
962,13.490374133632834,58.77239275439412,4.864212727277661
963,15.288626100530617,53.72430588159895,4.6270699176678765
964,8.67048127912661,72.86531571471436,5.592569096158446
965,14.963051556496872,54.6338532911975,4.668926811748671
966,9.051181925375655,71.7037429910432,5.528618965842553
967,5.888006654481455,81.81278094178069,6.110615680077202
968,12.158978023833496,62.561504068398044,5.0501645775008965
969,13.157865021919665,59.71373193524683,4.909760038743439
970,8.988898072954294,71.89299463112748,5.538988085513027
971,13.559836432363166,58.5761109993248,4.854768874970822
972,10.488585894996014,67.4103442904334,5.298528557708009
973,18.189710644063123,45.66496136301855,4.272197493438961
974,18.089924981181635,45.941526485830934,4.283911948786025
975,11.794384420652786,63.60955885734321,5.10284186235368
976,12.869643240314394,60.532201234060025,4.949708693692054
977,14.953899931316622,54.65944350129154,4.67010992021782
978,15.745121177372638,52.45149262583992,4.569124948258042
979,10.943195030886862,66.07790906608629,5.229087158851927
980,13.576819976014942,58.528138635650116,4.8524635340072395
981,14.706202710625346,55.35259276139358,4.702270479830712
982,16.646146020914074,49.945879478252536,4.457168318378492
983,6.506736725635045,79.73693735913899,5.986306598127361
984,12.907244358888484,60.42528535202286,4.944471837554679
985,11.048598931243292,65.77046300880333,5.213193912982773
986,14.386389051724924,56.24915844886186,4.744197825055322
987,10.628598885498091,66.99882684063627,5.276983993674252
988,11.478540363859796,64.52175622839195,5.149137729992287
989,10.541654805428248,67.2542435148536,5.290345730184132
990,13.734261888684758,58.08376134832366,4.831160683909707
991,11.43917309156162,64.63574881418218,5.154952530825756
992,14.975490949232844,54.59907181992718,4.6673192455565635
993,14.357540639618515,56.330127377048726,4.748002643158705
994,10.779187617945412,66.55737977535274,5.2539698784234
995,10.945010120851178,66.0726101753028,5.2288128258329625
996,9.882223528905499,69.20533584658413,5.393536784778881
997,15.541834645848066,53.01797199846437,4.594823831163241
998,15.088382801037957,54.28352922514203,4.652760434992402
999,15.244522088894737,53.84742570882112,4.632713793060965
1000,9.413501409541789,70.60856716283246,5.468994202971604
